Air China,"CA 908, CA 1817",Madrid,13:10,Nanking/Nanjing,"10:25
+ 1 DAY",15 h 15 m,"64,737",16/10/2023
"Qatar Airways, Air China","QR 148, QR 892",Madrid,09:05,Nanking/Nanjing,"22:05
+ 1 DAY",31 h,"67,277",16/10/2023
"Qatar Airways, Air China","QR 150, QR 892",Madrid,16:05,Nanking/Nanjing,"22:05
+ 1 DAY",24 h,"76,383",16/10/2023
Air China,"CA 908, CA 1847",Madrid,13:10,Nanking/Nanjing,"12:55
+ 1 DAY",17 h 45 m,"77,468",16/10/2023
Air China,"CA 6024, CA 932",Madrid,13:00,Nanking/Nanjing,"19:30
+ 1 DAY",24 h 30 m,"1,02,816",16/10/2023
Air China,"CA 6024, CA 932",Madrid,13:00,Nanking/Nanjing,"22:05
+ 1 DAY",27 h 05 m,"1,02,816",16/10/2023
Air China,"CA 6024, CA 932",Madrid,13:00,Nanking/Nanjing,"22:20
+ 1 DAY",27 h 20 m,"1,02,816",16/10/2023
"Lufthansa, Cathay Pacific","LH 1121, CX 288",Madrid,06:10,Nanking/Nanjing,"13:00
+ 1 DAY",24 h 50 m,"1,11,917",16/10/2023
Air China,"CA 6024, CA 932",Madrid,13:00,Nanking/Nanjing,"16:10
+ 1 DAY",21 h 10 m,"1,17,288",16/10/2023
"Xiamen Airlines, Hebei Airlines Co.Ltd","MF 9557, MF 812",Madrid,15:00,Nanking/Nanjing,"20:35
+ 1 DAY",23 h 35 m,"1,23,220",16/10/2023
"Lufthansa, Air China","LH 1123, LH 720",Madrid,08:30,Nanking/Nanjing,"12:55
+ 1 DAY",22 h 25 m,"1,23,305",16/10/2023
"Lufthansa, Air China","LH 1121, LH 720",Madrid,06:10,Nanking/Nanjing,"12:55
+ 1 DAY",24 h 45 m,"1,23,305",16/10/2023
"Lufthansa, Air China","LH 1121, CA 966",Madrid,06:10,Nanking/Nanjing,"10:25
+ 1 DAY",22 h 15 m,"1,23,744",16/10/2023
"Lufthansa, Air China","LH 1121, CA 966",Madrid,06:10,Nanking/Nanjing,"12:55
+ 1 DAY",24 h 45 m,"1,23,744",16/10/2023
"Lufthansa, Cathay Pacific","LH 1123, CX 288",Madrid,08:30,Nanking/Nanjing,"13:00
+ 1 DAY",22 h 30 m,"1,25,429",16/10/2023
"Air France, China Southern","AF 1101, CZ 348",Madrid,20:15,Nanking/Nanjing,"10:20
+ 2 DAY",32 h 05 m,"1,28,223",16/10/2023
"Air France, China Southern","AF 1101, CZ 348",Madrid,20:15,Nanking/Nanjing,"11:30
+ 2 DAY",33 h 15 m,"1,28,223",16/10/2023
"Air France, China Southern","AF 1101, CZ 348",Madrid,20:15,Nanking/Nanjing,"16:35
+ 2 DAY",38 h 20 m,"1,28,223",16/10/2023
"Air France, China Southern","AF 1101, CZ 348",Madrid,20:15,Nanking/Nanjing,"17:30
+ 2 DAY",39 h 15 m,"1,28,223",16/10/2023
Air China,"CA 6026, CA 966",Madrid,08:30,Nanking/Nanjing,"10:25
+ 1 DAY",19 h 55 m,"1,31,910",16/10/2023
"ITA Airways, Asiana Airlines","AZ 61, OZ 562",Madrid,11:45,Nanking/Nanjing,"13:40
+ 2 DAY",43 h 55 m,"1,34,236",16/10/2023
"Lufthansa, Air China","LH 1803, LH 722",Madrid,15:25,Nanking/Nanjing,"16:10
+ 1 DAY",18 h 45 m,"1,55,247",16/10/2023
"Lufthansa, Air China","LH 1803, LH 722",Madrid,15:25,Nanking/Nanjing,"19:30
+ 1 DAY",22 h 05 m,"1,55,247",16/10/2023
"Lufthansa, Air China","LH 1801, LH 722",Madrid,11:55,Nanking/Nanjing,"16:10
+ 1 DAY",22 h 15 m,"1,55,247",16/10/2023
"Lufthansa, Air China","LH 1803, LH 722",Madrid,15:25,Nanking/Nanjing,"22:05
+ 1 DAY",24 h 40 m,"1,55,247",16/10/2023
"Lufthansa, Air China","LH 1803, LH 722",Madrid,15:25,Nanking/Nanjing,"22:20
+ 1 DAY",24 h 55 m,"1,55,247",16/10/2023
"Lufthansa, Air China","LH 1123, CA 966",Madrid,08:30,Nanking/Nanjing,"10:25
+ 1 DAY",19 h 55 m,"1,56,817",16/10/2023
"Lufthansa, Air China","LH 1113, CA 932",Madrid,13:00,Nanking/Nanjing,"16:10
+ 1 DAY",21 h 10 m,"1,56,817",16/10/2023
"Lufthansa, Air China","LH 1123, CA 966",Madrid,08:30,Nanking/Nanjing,"12:55
+ 1 DAY",22 h 25 m,"1,56,817",16/10/2023
"Lufthansa, Air China","LH 1113, CA 932",Madrid,13:00,Nanking/Nanjing,"19:30
+ 1 DAY",24 h 30 m,"1,56,817",16/10/2023
"Qatar Airways, Sichuan Airlines","QR 152, QR 880",Madrid,22:25,Nanking/Nanjing,"21:05
+ 2 DAY",40 h 40 m,"1,79,625",16/10/2023
"Lufthansa, Air China","LH 1807, CA 962",Madrid,07:15,Nanking/Nanjing,"10:25
+ 1 DAY",21 h 10 m,"2,00,637",16/10/2023
"Lufthansa, Air China","LH 1807, CA 962",Madrid,07:15,Nanking/Nanjing,"12:55
+ 1 DAY",23 h 40 m,"2,00,637",16/10/2023
"Lufthansa, Air China","LH 1807, CA 962",Madrid,07:15,Nanking/Nanjing,"16:10
+ 1 DAY",26 h 55 m,"2,00,637",16/10/2023
"Lufthansa, Air China","LH 1807, CA 962",Madrid,07:15,Nanking/Nanjing,"19:30
+ 1 DAY",30 h 15 m,"2,00,637",16/10/2023
Beijing Capital Airlines,"JD 362, JD 5295",Madrid,12:30,Nanking/Nanjing,"00:35
+ 2 DAY",30 h 05 m,"2,01,494",16/10/2023
"British Airways, Air China","BA 459, BA 89",Madrid,12:10,Nanking/Nanjing,"19:30
+ 1 DAY",25 h 20 m,"2,44,014",16/10/2023
"Air Europa, Hainan Airlines","UX 1043, HU 7992",Madrid,07:05,Nanking/Nanjing,"10:30
+ 1 DAY",21 h 25 m,"48,888",17/10/2023
"Qatar Airways, Air China","QR 148, QR 892",Madrid,09:05,Nanking/Nanjing,"22:05
+ 1 DAY",31 h,"67,277",17/10/2023
"ITA Airways, China Southern","AZ 59, CZ 662",Madrid,05:50,Nanking/Nanjing,"11:30
+ 1 DAY",23 h 40 m,"70,260",17/10/2023
"ITA Airways, China Southern","AZ 59, CZ 662",Madrid,05:50,Nanking/Nanjing,"16:35
+ 1 DAY",28 h 45 m,"70,260",17/10/2023
"ITA Airways, China Southern","AZ 59, CZ 662",Madrid,05:50,Nanking/Nanjing,"17:30
+ 1 DAY",29 h 40 m,"70,260",17/10/2023
"Lufthansa, Air China","LH 1805, LH 722",Madrid,18:30,Nanking/Nanjing,"16:10
+ 2 DAY",39 h 40 m,"84,258",17/10/2023
"Lufthansa, Air China","LH 1805, LH 722",Madrid,18:30,Nanking/Nanjing,"19:30
+ 2 DAY",43 h,"84,258",17/10/2023
"Qatar Airways, Air China","QR 150, QR 892",Madrid,16:05,Nanking/Nanjing,"22:05
+ 1 DAY",24 h,"96,915",17/10/2023
Air China,"CA 908, CA 1817",Madrid,13:10,Nanking/Nanjing,"10:25
+ 1 DAY",15 h 15 m,"98,819",17/10/2023
Air China,"CA 908, CA 1847",Madrid,13:10,Nanking/Nanjing,"12:55
+ 1 DAY",17 h 45 m,"99,209",17/10/2023
"Lufthansa, Air China","LH 1121, LH 720",Madrid,06:10,Nanking/Nanjing,"12:55
+ 1 DAY",24 h 45 m,"1,04,442",17/10/2023
"Lufthansa, Air China","LH 1121, LH 720",Madrid,06:10,Nanking/Nanjing,"16:10
+ 1 DAY",28 h,"1,04,953",17/10/2023
"KLM Royal Dutch, China Southern","KL 1704, CZ 308",Madrid,17:10,Nanking/Nanjing,"11:30
+ 2 DAY",36 h 20 m,"1,05,514",17/10/2023
"Lufthansa, Cathay Pacific","LH 1115, CX 288",Madrid,17:10,Nanking/Nanjing,"13:00
+ 2 DAY",37 h 50 m,"1,05,955",17/10/2023
"Lufthansa, Air China","LH 1115, LH 720",Madrid,17:10,Nanking/Nanjing,"12:55
+ 2 DAY",37 h 45 m,"1,06,250",17/10/2023
"Lufthansa, Air China","LH 1115, LH 720",Madrid,17:10,Nanking/Nanjing,"16:10
+ 2 DAY",41 h,"1,06,250",17/10/2023
"Air Europa, Hainan Airlines","UX 1173, HU 760",Madrid,15:15,Nanking/Nanjing,"21:45
+ 2 DAY",48 h 30 m,"1,10,074",17/10/2023
"Qatar Airways, Sichuan Airlines","QR 150, QR 880",Madrid,16:05,Nanking/Nanjing,"21:05
+ 1 DAY",23 h,"1,12,358",17/10/2023
"Iberia, Cathay Pacific","IB 8712, CX 288",Madrid,19:55,Nanking/Nanjing,"13:00
+ 2 DAY",35 h 05 m,"1,12,482",17/10/2023
"Iberia, Cathay Pacific","IB 3742, CX 260",Madrid,21:40,Nanking/Nanjing,"13:00
+ 2 DAY",33 h 20 m,"1,16,801",17/10/2023
"Air France, Cathay Pacific","AF 1101, CX 260",Madrid,20:15,Nanking/Nanjing,"13:00
+ 2 DAY",34 h 45 m,"1,19,710",17/10/2023
"Qatar Airways, Hong Kong Airlines","QR 148, QR 818",Madrid,09:05,Nanking/Nanjing,"22:55
+ 1 DAY",31 h 50 m,"1,27,304",17/10/2023
"KLM Royal Dutch, Xiamen Airlines, Hebei Airlines Co.Ltd","KL 1704, MF 812",Madrid,17:10,Nanking/Nanjing,"20:35
+ 2 DAY",45 h 25 m,"1,30,955",17/10/2023
"Lufthansa, Air China","LH 1807, CA 962",Madrid,07:15,Nanking/Nanjing,"10:25
+ 1 DAY",21 h 10 m,"1,56,230",17/10/2023
"Lufthansa, Air China","LH 1807, CA 962",Madrid,07:15,Nanking/Nanjing,"12:55
+ 1 DAY",23 h 40 m,"1,56,230",17/10/2023
"British Airways, Cathay Pacific","BA 465, CX 252",Madrid,20:45,Nanking/Nanjing,"13:00
+ 2 DAY",34 h 15 m,"1,57,996",17/10/2023
"British Airways, Cathay Pacific","BA 463, CX 252",Madrid,19:45,Nanking/Nanjing,"13:00
+ 2 DAY",35 h 15 m,"1,57,996",17/10/2023
"Emirates, China Southern","EK 142, EK 362",Madrid,15:25,Nanking/Nanjing,"10:20
+ 2 DAY",36 h 55 m,"1,85,126",17/10/2023
"Swiss, Cathay Pacific","LX 2033, CX 382",Madrid,19:45,Nanking/Nanjing,"13:00
+ 2 DAY",35 h 15 m,"2,02,184",17/10/2023
"Iberia, China Southern, Air China","IB 3166, CZ 674",Madrid,15:45,Nanking/Nanjing,"22:05
+ 1 DAY",24 h 20 m,"2,23,913",17/10/2023
"Iberia, China Southern, Air China","IB 3172, CZ 674",Madrid,14:55,Nanking/Nanjing,"22:05
+ 1 DAY",25 h 10 m,"2,23,913",17/10/2023
"British Airways, Air China","BA 459, BA 89",Madrid,12:10,Nanking/Nanjing,"19:30
+ 1 DAY",25 h 20 m,"2,44,014",17/10/2023
"British Airways, Air China","BA 457, BA 89",Madrid,10:30,Nanking/Nanjing,"19:30
+ 1 DAY",27 h,"2,44,014",17/10/2023
"KLM Royal Dutch, Hong Kong Airlines","KL 1700, KL 887",Madrid,10:20,Nanking/Nanjing,"22:55
+ 1 DAY",30 h 35 m,"3,17,705",17/10/2023
"Iberia, Air China","IB 3008, CA 846",Madrid,08:30,Nanking/Nanjing,"10:25
+ 1 DAY",19 h 55 m,"3,55,436",17/10/2023
"Iberia, Air China","IB 3002, CA 846",Madrid,07:00,Nanking/Nanjing,"10:25
+ 1 DAY",21 h 25 m,"3,55,436",17/10/2023
"Iberia, Air China","IB 3008, CA 846",Madrid,08:30,Nanking/Nanjing,"12:55
+ 1 DAY",22 h 25 m,"3,55,436",17/10/2023
"Iberia, Air China","IB 3190, CA 962",Madrid,08:55,Nanking/Nanjing,"10:25
+ 1 DAY",19 h 30 m,"3,55,696",17/10/2023
"Iberia, Air China","IB 3442, CA 934",Madrid,14:35,Nanking/Nanjing,"16:10
+ 1 DAY",19 h 35 m,"3,56,502",17/10/2023
"ITA Airways, Hainan Airlines","AZ 63, HU 438",Madrid,18:05,Nanking/Nanjing,"11:50
+ 2 DAY",35 h 45 m,"55,175",18/10/2023
"ITA Airways, Hainan Airlines","AZ 61, HU 438",Madrid,11:45,Nanking/Nanjing,"11:50
+ 2 DAY",42 h 05 m,"55,175",18/10/2023
"Qatar Airways, Air China","QR 150, QR 892",Madrid,16:05,Nanking/Nanjing,"22:05
+ 1 DAY",24 h,"67,277",18/10/2023
"Lufthansa, Air China","LH 1801, LH 722",Madrid,11:55,Nanking/Nanjing,"16:10
+ 1 DAY",22 h 15 m,"69,392",18/10/2023
"Lufthansa, Air China","LH 1121, LH 720",Madrid,06:10,Nanking/Nanjing,"12:55
+ 1 DAY",24 h 45 m,"69,971",18/10/2023
Cathay Pacific,"CX 372, CX 356",Madrid,12:20,Nanking/Nanjing,"13:00
+ 1 DAY",18 h 40 m,"81,851",18/10/2023
"Lufthansa, Air China","LH 1803, LH 722",Madrid,15:25,Nanking/Nanjing,"16:10
+ 1 DAY",18 h 45 m,"83,050",18/10/2023
"Lufthansa, Air China","LH 1803, LH 722",Madrid,15:25,Nanking/Nanjing,"19:30
+ 1 DAY",22 h 05 m,"83,050",18/10/2023
"Lufthansa, Air China","LH 1803, LH 722",Madrid,15:25,Nanking/Nanjing,"22:05
+ 1 DAY",24 h 40 m,"83,050",18/10/2023
"Lufthansa, Air China","LH 1803, LH 722",Madrid,15:25,Nanking/Nanjing,"22:20
+ 1 DAY",24 h 55 m,"83,050",18/10/2023
"Lufthansa, Air China","LH 1123, LH 720",Madrid,08:35,Nanking/Nanjing,"12:55
+ 1 DAY",22 h 20 m,"83,629",18/10/2023
"KLM Royal Dutch, Xiamen Airlines, Hebei Airlines Co.Ltd","KL 1700, MF 812",Madrid,10:20,Nanking/Nanjing,"20:35
+ 1 DAY",28 h 15 m,"97,692",18/10/2023
Air China,"CA 6024, CA 932",Madrid,13:00,Nanking/Nanjing,"19:30
+ 1 DAY",24 h 30 m,"97,946",18/10/2023
"KLM Royal Dutch, Xiamen Airlines","KL 1700, MF 812",Madrid,10:20,Nanking/Nanjing,"20:35
+ 1 DAY",28 h 15 m,"99,703",18/10/2023
"Lufthansa, Air China","LH 1113, CA 932",Madrid,13:00,Nanking/Nanjing,"19:30
+ 1 DAY",24 h 30 m,"1,02,816",18/10/2023
Air China,"CA 6026, CA 966",Madrid,08:35,Nanking/Nanjing,"10:25
+ 1 DAY",19 h 50 m,"1,05,205",18/10/2023
Air China,"CA 6026, CA 966",Madrid,08:35,Nanking/Nanjing,"12:55
+ 1 DAY",22 h 20 m,"1,05,205",18/10/2023
"Air France, China Southern","AF 1101, CZ 348",Madrid,20:15,Nanking/Nanjing,"11:30
+ 2 DAY",33 h 15 m,"1,06,242",18/10/2023
Hainan Airlines,"HU 8553, HU 760",Madrid,06:20,Nanking/Nanjing,"21:45
+ 1 DAY",33 h 25 m,"1,10,734",18/10/2023
"Lufthansa, Cathay Pacific","LH 1123, CX 288",Madrid,08:35,Nanking/Nanjing,"13:00
+ 1 DAY",22 h 25 m,"1,11,917",18/10/2023
Air China,"CA 6024, CA 932",Madrid,13:00,Nanking/Nanjing,"16:10
+ 1 DAY",21 h 10 m,"1,12,182",18/10/2023
"Iberia, Asiana Airlines","IB 3180, OZ 522",Madrid,16:50,Nanking/Nanjing,"13:40
+ 2 DAY",38 h 50 m,"1,16,881",18/10/2023
"Qatar Airways, Cathay Pacific","QR 152, QR 816",Madrid,22:25,Nanking/Nanjing,"13:00
+ 2 DAY",32 h 35 m,"1,18,035",18/10/2023
"Lufthansa, Air China","LH 1807, CA 962",Madrid,07:15,Nanking/Nanjing,"10:25
+ 1 DAY",21 h 10 m,"1,23,156",18/10/2023
"Lufthansa, Air China","LH 1807, CA 962",Madrid,07:15,Nanking/Nanjing,"12:55
+ 1 DAY",23 h 40 m,"1,23,156",18/10/2023
"Lufthansa, Air China","LH 1113, CA 932",Madrid,13:00,Nanking/Nanjing,"16:10
+ 1 DAY",21 h 10 m,"1,23,744",18/10/2023
"KLM Royal Dutch, Xiamen Airlines, China Eastern","KL 1702, MF 812",Madrid,13:05,Nanking/Nanjing,"18:20
+ 1 DAY",23 h 15 m,"1,24,805",18/10/2023
Xiamen Airlines,"MF 9557, MF 812",Madrid,15:00,Nanking/Nanjing,"20:35
+ 1 DAY",23 h 35 m,"1,25,232",18/10/2023
"Qatar Airways, Air China","QR 148, QR 892",Madrid,09:05,Nanking/Nanjing,"22:05
+ 1 DAY",31 h,"1,25,867",18/10/2023
"Iberia, Asiana Airlines","IB 3166, OZ 522",Madrid,15:45,Nanking/Nanjing,"13:40
+ 2 DAY",39 h 55 m,"1,26,719",18/10/2023
"Air France, China Southern","AF 1101, CZ 348",Madrid,20:15,Nanking/Nanjing,"10:20
+ 2 DAY",32 h 05 m,"1,28,223",18/10/2023
"Air France, China Southern","AF 1101, CZ 348",Madrid,20:15,Nanking/Nanjing,"16:35
+ 2 DAY",38 h 20 m,"1,28,223",18/10/2023
"Air France, China Southern","AF 1101, CZ 348",Madrid,20:15,Nanking/Nanjing,"17:30
+ 2 DAY",39 h 15 m,"1,28,223",18/10/2023
"KLM Royal Dutch, Xiamen Airlines, Air China","KL 1702, MF 812",Madrid,13:05,Nanking/Nanjing,"18:00
+ 1 DAY",22 h 55 m,"1,31,064",18/10/2023
"Air France, Xiamen Airlines, Hebei Airlines Co.Ltd","AF 1101, MF 826",Madrid,20:15,Nanking/Nanjing,"20:35
+ 2 DAY",42 h 20 m,"1,34,716",18/10/2023
"Iberia, Korean Air","IB 3022, KE 916",Madrid,17:30,Nanking/Nanjing,"11:50
+ 2 DAY",36 h 20 m,"1,48,518",18/10/2023
"Iberia, Korean Air","IB 3020, KE 916",Madrid,16:30,Nanking/Nanjing,"11:50
+ 2 DAY",37 h 20 m,"1,48,518",18/10/2023
"Iberia, Korean Air","IB 3018, KE 916",Madrid,16:00,Nanking/Nanjing,"11:50
+ 2 DAY",37 h 50 m,"1,48,518",18/10/2023
"Iberia, China Southern, China Eastern","IB 3166, CZ 674",Madrid,15:45,Nanking/Nanjing,"20:20
+ 1 DAY",22 h 35 m,"2,17,865",18/10/2023
"Iberia, Asiana Airlines","IB 3442, OZ 502",Madrid,14:35,Nanking/Nanjing,"13:40
+ 2 DAY",41 h 05 m,"2,21,399",18/10/2023
"Iberia, Asiana Airlines","IB 3738, OZ 502",Madrid,08:45,Nanking/Nanjing,"13:40
+ 2 DAY",46 h 55 m,"2,21,399",18/10/2023
"KLM Royal Dutch, China Southern, China Eastern","KL 1704, CZ 346",Madrid,17:10,Nanking/Nanjing,"20:20
+ 1 DAY",21 h 10 m,"2,22,114",18/10/2023
"Iberia, Air China","IB 3234, CA 940",Madrid,17:05,Nanking/Nanjing,"19:30
+ 1 DAY",20 h 25 m,"3,55,683",18/10/2023
"Iberia, Air China","IB 3190, CA 962",Madrid,08:55,Nanking/Nanjing,"10:25
+ 1 DAY",19 h 30 m,"3,55,696",18/10/2023
"Iberia, Air China","IB 8706, CA 966",Madrid,08:40,Nanking/Nanjing,"10:25
+ 1 DAY",19 h 45 m,"3,56,284",18/10/2023
"ITA Airways, Hainan Airlines","AZ 61, HU 7992",Madrid,11:45,Nanking/Nanjing,"10:30
+ 2 DAY",40 h 45 m,"50,533",19/10/2023
"ITA Airways, Hainan Airlines","AZ 59, HU 438",Madrid,05:50,Nanking/Nanjing,"11:50
+ 1 DAY",24 h,"55,175",19/10/2023
"ITA Airways, Hainan Airlines","AZ 63, HU 7992",Madrid,18:05,Nanking/Nanjing,"10:30
+ 2 DAY",34 h 25 m,"59,971",19/10/2023
Hainan Airlines,"HU 728, HU 7425",Madrid,12:10,Nanking/Nanjing,"10:30
+ 1 DAY",16 h 20 m,"62,446",19/10/2023
Air China,"CA 908, CA 1817",Madrid,13:10,Nanking/Nanjing,"10:25
+ 1 DAY",15 h 15 m,"64,737",19/10/2023
Air China,"CA 908, CA 1847",Madrid,13:10,Nanking/Nanjing,"12:55
+ 1 DAY",17 h 45 m,"64,737",19/10/2023
"Qatar Airways, Air China","QR 148, QR 892",Madrid,09:05,Nanking/Nanjing,"22:05
+ 1 DAY",31 h,"67,277",19/10/2023
"Lufthansa, Air China","LH 1807, CA 962",Madrid,07:15,Nanking/Nanjing,"10:25
+ 1 DAY",21 h 10 m,"67,766",19/10/2023
"Lufthansa, Air China","LH 1807, CA 962",Madrid,07:15,Nanking/Nanjing,"12:55
+ 1 DAY",23 h 40 m,"67,766",19/10/2023
"Lufthansa, Air China","LH 1123, LH 720",Madrid,08:30,Nanking/Nanjing,"12:55
+ 1 DAY",22 h 25 m,"69,971",19/10/2023
"ITA Airways, China Southern","AZ 59, CZ 662",Madrid,05:50,Nanking/Nanjing,"11:30
+ 1 DAY",23 h 40 m,"70,260",19/10/2023
"Qatar Airways, Air China","QR 150, QR 892",Madrid,16:05,Nanking/Nanjing,"22:05
+ 1 DAY",24 h,"76,383",19/10/2023
"Lufthansa, Cathay Pacific","LH 1123, CX 288",Madrid,08:30,Nanking/Nanjing,"13:00
+ 1 DAY",22 h 30 m,"1,04,658",19/10/2023
"Lufthansa, Air China","LH 1113, CA 932",Madrid,13:00,Nanking/Nanjing,"16:10
+ 1 DAY",21 h 10 m,"1,05,205",19/10/2023
"Lufthansa, Cathay Pacific","LH 1115, CX 288",Madrid,17:10,Nanking/Nanjing,"13:00
+ 2 DAY",37 h 50 m,"1,13,237",19/10/2023
"Iberia, Asiana Airlines","IB 3180, OZ 522",Madrid,16:50,Nanking/Nanjing,"13:40
+ 2 DAY",38 h 50 m,"1,26,719",19/10/2023
"Swiss, Cathay Pacific","LX 2033, CX 382",Madrid,19:45,Nanking/Nanjing,"13:00
+ 2 DAY",35 h 15 m,"1,30,228",19/10/2023
"Air France, Xiamen Airlines, Hebei Airlines Co.Ltd","AF 1601, MF 826",Madrid,16:40,Nanking/Nanjing,"20:35
+ 1 DAY",21 h 55 m,"1,33,555",19/10/2023
"Iberia, Cathay Pacific","IB 8706, CX 288",Madrid,08:40,Nanking/Nanjing,"13:00
+ 1 DAY",22 h 20 m,"1,38,755",19/10/2023
Air China,"CA 6024, CA 932",Madrid,13:00,Nanking/Nanjing,"16:10
+ 1 DAY",21 h 10 m,"2,01,226",19/10/2023
Air China,"CA 6024, CA 932",Madrid,13:00,Nanking/Nanjing,"19:30
+ 1 DAY",24 h 30 m,"2,01,226",19/10/2023
Air China,"CA 6024, CA 932",Madrid,13:00,Nanking/Nanjing,"22:05
+ 1 DAY",27 h 05 m,"2,01,226",19/10/2023
Air China,"CA 6024, CA 932",Madrid,13:00,Nanking/Nanjing,"22:20
+ 1 DAY",27 h 20 m,"2,01,226",19/10/2023
"Iberia, China Southern, China Eastern","IB 3166, CZ 674",Madrid,15:45,Nanking/Nanjing,"20:20
+ 1 DAY",22 h 35 m,"2,17,865",19/10/2023
"Air Europa, China Southern, China Eastern","UX 1015, CZ 674",Madrid,15:00,Nanking/Nanjing,"20:20
+ 1 DAY",23 h 20 m,"2,19,357",19/10/2023
"Air Europa, China Southern","UX 1043, CZ 662",Madrid,07:05,Nanking/Nanjing,"11:30
+ 1 DAY",22 h 25 m,"2,43,616",19/10/2023
"Air France, Hong Kong Airlines","AF 1101, AF 188",Madrid,20:15,Nanking/Nanjing,"22:55
+ 1 DAY",20 h 40 m,"2,53,435",19/10/2023
"Air France, Hong Kong Airlines","AF 1801, AF 188",Madrid,17:50,Nanking/Nanjing,"22:55
+ 1 DAY",23 h 05 m,"2,53,435",19/10/2023
"Air France, Hong Kong Airlines","AF 1301, AF 188",Madrid,12:20,Nanking/Nanjing,"22:55
+ 1 DAY",28 h 35 m,"2,53,435",19/10/2023
"Air France, Hong Kong Airlines","AF 1401, AF 188",Madrid,06:10,Nanking/Nanjing,"22:55
+ 1 DAY",34 h 45 m,"2,54,389",19/10/2023
"British Airways, China Southern, Air China","BA 461, CZ 304",Madrid,17:20,Nanking/Nanjing,"23:50
+ 1 DAY",24 h 30 m,"3,23,841",19/10/2023
"British Airways, China Southern, Shenzhen Airlines","BA 461, CZ 304",Madrid,17:20,Nanking/Nanjing,"23:50
+ 1 DAY",24 h 30 m,"3,28,848",19/10/2023
"British Airways, China Southern, China Eastern","BA 461, CZ 674",Madrid,17:20,Nanking/Nanjing,"20:20
+ 1 DAY",21 h,"3,37,354",19/10/2023
"British Airways, China Southern, China Eastern","BA 461, CZ 674",Madrid,17:20,Nanking/Nanjing,"22:10
+ 1 DAY",22 h 50 m,"3,37,354",19/10/2023
"Air Europa, Hainan Airlines","UX 1043, HU 7992",Madrid,07:05,Nanking/Nanjing,"10:30
+ 1 DAY",21 h 25 m,"48,888",20/10/2023
"ITA Airways, Hainan Airlines","AZ 59, HU 7992",Madrid,05:50,Nanking/Nanjing,"10:30
+ 1 DAY",22 h 40 m,"59,971",20/10/2023
Air China,"CA 908, CA 1817",Madrid,13:10,Nanking/Nanjing,"10:25
+ 1 DAY",15 h 15 m,"64,737",20/10/2023
"Qatar Airways, Air China","QR 150, QR 892",Madrid,16:05,Nanking/Nanjing,"22:05
+ 1 DAY",24 h,"70,341",20/10/2023
"Qatar Airways, Air China","QR 148, QR 892",Madrid,09:05,Nanking/Nanjing,"22:05
+ 1 DAY",31 h,"70,341",20/10/2023
Air China,"CA 908, CA 1847",Madrid,13:10,Nanking/Nanjing,"12:55
+ 1 DAY",17 h 45 m,"77,468",20/10/2023
"Qatar Airways, Air China","QR 152, QR 892",Madrid,22:25,Nanking/Nanjing,"22:05
+ 2 DAY",41 h 40 m,"92,028",20/10/2023
Cathay Pacific,"CX 372, CX 356",Madrid,12:20,Nanking/Nanjing,"13:00
+ 1 DAY",18 h 40 m,"94,176",20/10/2023
"Lufthansa, Air China","LH 1123, LH 720",Madrid,08:30,Nanking/Nanjing,"12:55
+ 1 DAY",22 h 25 m,"1,04,442",20/10/2023
"Lufthansa, Cathay Pacific","LH 1123, CX 288",Madrid,08:30,Nanking/Nanjing,"13:00
+ 1 DAY",22 h 30 m,"1,11,917",20/10/2023
"Lufthansa, Cathay Pacific","LH 1121, CX 288",Madrid,06:10,Nanking/Nanjing,"13:00
+ 1 DAY",24 h 50 m,"1,11,917",20/10/2023
"KLM Royal Dutch, Xiamen Airlines, Hebei Airlines Co.Ltd","KL 1706, MF 812",Madrid,20:20,Nanking/Nanjing,"20:35
+ 2 DAY",42 h 15 m,"1,30,955",20/10/2023
Air China,"CA 6028, CA 962",Madrid,07:15,Nanking/Nanjing,"10:25
+ 1 DAY",21 h 10 m,"1,31,167",20/10/2023
Air China,"CA 6028, CA 962",Madrid,07:15,Nanking/Nanjing,"12:55
+ 1 DAY",23 h 40 m,"1,31,167",20/10/2023
Air China,"CA 6028, CA 962",Madrid,07:15,Nanking/Nanjing,"16:10
+ 1 DAY",26 h 55 m,"1,31,167",20/10/2023
"Qatar Airways, Hong Kong Airlines","QR 152, QR 818",Madrid,22:25,Nanking/Nanjing,"23:10
+ 2 DAY",42 h 45 m,"1,31,575",20/10/2023
"Emirates, China Southern","EK 142, EK 362",Madrid,15:25,Nanking/Nanjing,"10:20
+ 2 DAY",36 h 55 m,"2,21,706",20/10/2023
"KLM Royal Dutch, China Southern, China Eastern","KL 1704, CZ 346",Madrid,17:10,Nanking/Nanjing,"20:20
+ 1 DAY",21 h 10 m,"2,22,114",20/10/2023
"Lufthansa, Air China","LH 1807, CA 962",Madrid,07:15,Nanking/Nanjing,"10:25
+ 1 DAY",21 h 10 m,"2,66,686",20/10/2023
"Lufthansa, Air China","LH 1807, CA 962",Madrid,07:15,Nanking/Nanjing,"12:55
+ 1 DAY",23 h 40 m,"2,66,686",20/10/2023
Air China,"CA 6024, CA 932",Madrid,13:00,Nanking/Nanjing,"16:10
+ 1 DAY",21 h 10 m,"2,67,275",20/10/2023
Air China,"CA 6024, CA 932",Madrid,13:00,Nanking/Nanjing,"19:30
+ 1 DAY",24 h 30 m,"2,67,275",20/10/2023
Air China,"CA 6024, CA 932",Madrid,13:00,Nanking/Nanjing,"22:05
+ 1 DAY",27 h 05 m,"2,67,275",20/10/2023
Air China,"CA 6024, CA 932",Madrid,13:00,Nanking/Nanjing,"22:20
+ 1 DAY",27 h 20 m,"2,67,275",20/10/2023
"Iberia, Air China","IB 3190, CA 962",Madrid,08:55,Nanking/Nanjing,"10:25
+ 1 DAY",19 h 30 m,"3,55,696",20/10/2023
"Iberia, Air China","IB 3442, CA 934",Madrid,14:35,Nanking/Nanjing,"16:10
+ 1 DAY",19 h 35 m,"3,56,502",20/10/2023
"Iberia, Air China","IB 3480, CA 862",Madrid,09:55,Nanking/Nanjing,"10:25
+ 1 DAY",18 h 30 m,"3,56,534",20/10/2023
"Iberia, Air China","IB 3480, CA 862",Madrid,09:55,Nanking/Nanjing,"12:55
+ 1 DAY",21 h,"3,56,534",20/10/2023
"Iberia, Air China","IB 8674, CA 862",Madrid,07:15,Nanking/Nanjing,"10:25
+ 1 DAY",21 h 10 m,"3,56,534",20/10/2023
"Iberia, Air China","IB 3164, CA 856",Madrid,17:55,Nanking/Nanjing,"19:30
+ 1 DAY",19 h 35 m,"3,58,661",20/10/2023
"ITA Airways, Hainan Airlines","AZ 63, HU 438",Madrid,18:05,Nanking/Nanjing,"11:50
+ 2 DAY",35 h 45 m,"59,971",21/10/2023
Air China,"CA 908, CA 1817",Madrid,13:10,Nanking/Nanjing,"10:25
+ 1 DAY",15 h 15 m,"64,737",21/10/2023
Air China,"CA 908, CA 1847",Madrid,13:10,Nanking/Nanjing,"12:55
+ 1 DAY",17 h 45 m,"64,737",21/10/2023
"Qatar Airways, Air China","QR 150, QR 892",Madrid,16:05,Nanking/Nanjing,"22:05
+ 1 DAY",24 h,"91,710",21/10/2023
"Qatar Airways, Air China","QR 148, QR 892",Madrid,09:05,Nanking/Nanjing,"22:05
+ 1 DAY",31 h,"99,978",21/10/2023
"Air Europa, China Southern","UX 1043, CZ 662",Madrid,07:05,Nanking/Nanjing,"11:30
+ 1 DAY",22 h 25 m,"1,00,270",21/10/2023
"ITA Airways, China Southern","AZ 59, CZ 662",Madrid,05:50,Nanking/Nanjing,"11:30
+ 1 DAY",23 h 40 m,"1,00,920",21/10/2023
"Lufthansa, Air China","LH 1123, LH 720",Madrid,08:30,Nanking/Nanjing,"12:55
+ 1 DAY",22 h 25 m,"1,04,442",21/10/2023
"Lufthansa, Air China","LH 1121, LH 720",Madrid,06:10,Nanking/Nanjing,"12:55
+ 1 DAY",24 h 45 m,"1,04,442",21/10/2023
"Air Europa, Hainan Airlines","UX 1171, HU 760",Madrid,07:20,Nanking/Nanjing,"11:50
+ 1 DAY",22 h 30 m,"1,08,647",21/10/2023
Hainan Airlines,"HU 8553, HU 760",Madrid,06:20,Nanking/Nanjing,"11:50
+ 1 DAY",23 h 30 m,"1,10,734",21/10/2023
China Eastern,"MU 710, MU 5673",Madrid,23:25,Nanking/Nanjing,"09:35
+ 2 DAY",28 h 10 m,"1,25,962",21/10/2023
"KLM Royal Dutch, Xiamen Airlines, Hebei Airlines Co.Ltd","KL 1700, MF 812",Madrid,10:20,Nanking/Nanjing,"20:35
+ 1 DAY",28 h 15 m,"1,30,955",21/10/2023
Air China,"CA 6028, CA 962",Madrid,07:15,Nanking/Nanjing,"10:25
+ 1 DAY",21 h 10 m,"1,31,167",21/10/2023
"Qatar Airways, Hong Kong Airlines","QR 148, QR 818",Madrid,09:05,Nanking/Nanjing,"23:10
+ 1 DAY",32 h 05 m,"1,31,173",21/10/2023
"Lufthansa, Air China","LH 1803, LH 722",Madrid,15:20,Nanking/Nanjing,"16:10
+ 1 DAY",18 h 50 m,"1,55,247",21/10/2023
"Lufthansa, Air China","LH 1803, LH 722",Madrid,15:20,Nanking/Nanjing,"19:30
+ 1 DAY",22 h 10 m,"1,55,247",21/10/2023
"Lufthansa, Air China","LH 1801, LH 722",Madrid,11:55,Nanking/Nanjing,"16:10
+ 1 DAY",22 h 15 m,"1,55,247",21/10/2023
"Lufthansa, Air China","LH 1803, LH 722",Madrid,15:20,Nanking/Nanjing,"22:05
+ 1 DAY",24 h 45 m,"1,55,247",21/10/2023
"Lufthansa, Air China","LH 1803, LH 722",Madrid,15:20,Nanking/Nanjing,"22:20
+ 1 DAY",25 h,"1,55,247",21/10/2023
Air China,"CA 6026, CA 966",Madrid,08:30,Nanking/Nanjing,"10:25
+ 1 DAY",19 h 55 m,"1,58,175",21/10/2023
"Iberia, Asiana Airlines","IB 3180, OZ 522",Madrid,16:50,Nanking/Nanjing,"13:40
+ 2 DAY",38 h 50 m,"2,11,686",21/10/2023
"KLM Royal Dutch, China Southern, China Eastern","KL 1704, CZ 346",Madrid,17:10,Nanking/Nanjing,"20:20
+ 1 DAY",21 h 10 m,"2,22,114",21/10/2023
Air China,"CA 6024, CA 932",Madrid,13:00,Nanking/Nanjing,"16:10
+ 1 DAY",21 h 10 m,"2,30,496",21/10/2023
"Lufthansa, Air China","LH 1807, CA 962",Madrid,07:15,Nanking/Nanjing,"10:25
+ 1 DAY",21 h 10 m,"2,66,686",21/10/2023
"Lufthansa, Air China","LH 1807, CA 962",Madrid,07:15,Nanking/Nanjing,"12:55
+ 1 DAY",23 h 40 m,"2,66,686",21/10/2023
"Lufthansa, Air China","LH 1113, CA 932",Madrid,13:00,Nanking/Nanjing,"16:10
+ 1 DAY",21 h 10 m,"2,67,275",21/10/2023
"Lufthansa, Air China","LH 1113, CA 932",Madrid,13:00,Nanking/Nanjing,"19:30
+ 1 DAY",24 h 30 m,"2,67,275",21/10/2023
"British Airways, China Southern, China Eastern","BA 463, CZ 674",Madrid,19:00,Nanking/Nanjing,"20:20
+ 1 DAY",19 h 20 m,"3,37,354",21/10/2023
"British Airways, China Southern, China Eastern","BA 463, CZ 674",Madrid,19:00,Nanking/Nanjing,"22:10
+ 1 DAY",21 h 10 m,"3,37,354",21/10/2023
"British Airways, China Southern, Air China","BA 463, CZ 674",Madrid,19:00,Nanking/Nanjing,"22:05
+ 1 DAY",21 h 05 m,"3,43,401",21/10/2023
"British Airways, China Southern, Air China","BA 463, CZ 674",Madrid,19:00,Nanking/Nanjing,"22:20
+ 1 DAY",21 h 20 m,"3,43,401",21/10/2023
"Iberia, Air China","IB 3002, CA 846",Madrid,07:00,Nanking/Nanjing,"10:25
+ 1 DAY",21 h 25 m,"3,55,436",21/10/2023
"Iberia, Air China","IB 3190, CA 962",Madrid,08:55,Nanking/Nanjing,"10:25
+ 1 DAY",19 h 30 m,"3,55,696",21/10/2023
"Iberia, Air China","IB 3442, CA 934",Madrid,14:35,Nanking/Nanjing,"16:10
+ 1 DAY",19 h 35 m,"3,56,502",21/10/2023
"Air Europa, Air China","UX 7701, CA 846",Madrid,07:30,Nanking/Nanjing,"10:25
+ 1 DAY",20 h 55 m,"3,57,232",21/10/2023
IndiGo,"6E 4148, 6E 18",Madrid,12:00,Kolkata,"01:15
+ 2 DAY",33 h 45 m,"73,775",15/10/2023
IndiGo,"6E 4148, 6E 18",Madrid,12:00,Kolkata,"22:15
+ 1 DAY",30 h 45 m,"75,047",15/10/2023
IndiGo,"6E 4148, 6E 18",Madrid,12:00,Kolkata,"14:50
+ 1 DAY",23 h 20 m,"75,895",15/10/2023
IndiGo,"6E 4148, 6E 18",Madrid,12:00,Kolkata,"20:20
+ 1 DAY",28 h 50 m,"75,895",15/10/2023
IndiGo,"6E 4148, 6E 18",Madrid,12:00,Kolkata,"05:10
+ 2 DAY",37 h 40 m,"75,895",15/10/2023
IndiGo,"6E 4148, 6E 12",Madrid,12:00,Kolkata,"02:05
+ 2 DAY",34 h 35 m,"75,900",15/10/2023
IndiGo,"6E 4148, 6E 18",Madrid,12:00,Kolkata,"10:20
+ 1 DAY",18 h 50 m,"76,319",15/10/2023
IndiGo,"6E 4148, 6E 18",Madrid,12:00,Kolkata,"12:25
+ 1 DAY",20 h 55 m,"76,319",15/10/2023
IndiGo,"6E 4148, 6E 12",Madrid,12:00,Kolkata,"18:10
+ 1 DAY",26 h 40 m,"77,034",15/10/2023
IndiGo,"6E 4148, 6E 12",Madrid,12:00,Kolkata,"15:00
+ 1 DAY",23 h 30 m,"77,776",15/10/2023
IndiGo,"6E 4148, 6E 12",Madrid,12:00,Kolkata,"20:00
+ 1 DAY",28 h 30 m,"77,776",15/10/2023
IndiGo,"6E 4148, 6E 12",Madrid,12:00,Kolkata,"22:40
+ 1 DAY",31 h 10 m,"77,776",15/10/2023
IndiGo,"6E 4148, 6E 12",Madrid,12:00,Kolkata,"01:00
+ 2 DAY",33 h 30 m,"77,776",15/10/2023
IndiGo,"6E 4148, 6E 12",Madrid,12:00,Kolkata,"05:10
+ 2 DAY",37 h 40 m,"77,776",15/10/2023
IndiGo,"6E 4148, 6E 12",Madrid,12:00,Kolkata,"12:10
+ 1 DAY",20 h 40 m,"78,518",15/10/2023
IndiGo,"6E 4148, 6E 12",Madrid,12:00,Kolkata,"21:05
+ 1 DAY",29 h 35 m,"78,518",15/10/2023
IndiGo,"6E 4148, 6E 12",Madrid,12:00,Kolkata,"11:05
+ 1 DAY",19 h 35 m,"79,260",15/10/2023
KLM Royal Dutch,"KL 3390, KL 877",Madrid,07:05,Kolkata,"09:25
+ 1 DAY",22 h 50 m,"80,619",15/10/2023
IndiGo,"6E 4147, 6E 18",Madrid,18:20,Kolkata,"10:20
+ 2 DAY",36 h 30 m,"81,878",15/10/2023
IndiGo,"6E 4147, 6E 18",Madrid,18:20,Kolkata,"12:25
+ 2 DAY",38 h 35 m,"83,786",15/10/2023
Etihad Airways,"EY 4343, EY 8",Madrid,07:10,Kolkata,"03:20
+ 2 DAY",40 h 40 m,"84,962",15/10/2023
IndiGo,"6E 4147, 6E 12",Madrid,18:20,Kolkata,"13:10
+ 2 DAY",39 h 20 m,"87,687",15/10/2023
IndiGo,"6E 4147, 6E 12",Madrid,18:20,Kolkata,"12:10
+ 2 DAY",38 h 20 m,"88,429",15/10/2023
IndiGo,"6E 4147, 6E 12",Madrid,18:20,Kolkata,"20:00
+ 2 DAY",46 h 10 m,"88,429",15/10/2023
IndiGo,"6E 4147, 6E 12",Madrid,18:20,Kolkata,"11:05
+ 2 DAY",37 h 15 m,"89,171",15/10/2023
IndiGo,"6E 4147, 6E 12",Madrid,18:20,Kolkata,"15:00
+ 2 DAY",41 h 10 m,"89,171",15/10/2023
IndiGo,"6E 4147, 6E 12",Madrid,18:20,Kolkata,"18:10
+ 2 DAY",44 h 20 m,"89,171",15/10/2023
Turkish Airlines,"TK 1858, TK 4750",Madrid,12:00,Kolkata,"12:25
+ 1 DAY",20 h 55 m,"92,646",15/10/2023
IndiGo,"6E 4147, 6E 4104",Madrid,18:20,Kolkata,"10:20
+ 2 DAY",36 h 30 m,"94,971",15/10/2023
KLM Royal Dutch,"KL 1698, KL 879",Madrid,06:00,Kolkata,"09:05
+ 1 DAY",23 h 35 m,"95,155",15/10/2023
KLM Royal Dutch,"KL 1698, KL 879",Madrid,06:00,Kolkata,"10:05
+ 1 DAY",24 h 35 m,"95,155",15/10/2023
KLM Royal Dutch,"KL 1702, KL 879",Madrid,13:05,Kolkata,"09:05
+ 2 DAY",40 h 30 m,"95,155",15/10/2023
KLM Royal Dutch,"KL 1700, KL 879",Madrid,10:20,Kolkata,"10:05
+ 2 DAY",44 h 15 m,"95,155",15/10/2023
Air France,"AF 1801, AF 212",Madrid,17:50,Kolkata,"10:20
+ 2 DAY",37 h,"96,068",15/10/2023
Air France,"AF 1601, AF 212",Madrid,16:40,Kolkata,"10:20
+ 2 DAY",38 h 10 m,"96,068",15/10/2023
Air France,"AF 1301, AF 212",Madrid,12:25,Kolkata,"10:20
+ 2 DAY",42 h 25 m,"96,068",15/10/2023
Air France,"AF 1001, AF 212",Madrid,10:05,Kolkata,"10:20
+ 2 DAY",44 h 45 m,"96,068",15/10/2023
IndiGo,"6E 4147, 6E 4104",Madrid,18:20,Kolkata,"12:25
+ 2 DAY",38 h 35 m,"96,879",15/10/2023
"Finnair, Vistara","AY 1662, AY 121",Madrid,10:15,Kolkata,"09:45
+ 1 DAY",20 h,"98,741",15/10/2023
"Finnair, Vistara","AY 1662, AY 121",Madrid,10:15,Kolkata,"18:05
+ 1 DAY",28 h 20 m,"98,741",15/10/2023
Turkish Airlines,"TK 1860, TK 720",Madrid,18:20,Kolkata,"12:25
+ 2 DAY",38 h 35 m,"1,05,859",15/10/2023
Turkish Airlines,"TK 1860, TK 4750",Madrid,18:20,Kolkata,"12:25
+ 2 DAY",38 h 35 m,"1,05,859",15/10/2023
Air France,"AF 1401, AF 212",Madrid,06:10,Kolkata,"09:25
+ 1 DAY",23 h 45 m,"1,11,106",15/10/2023
Air France,"AF 1401, AF 212",Madrid,06:10,Kolkata,"10:20
+ 1 DAY",24 h 40 m,"1,11,106",15/10/2023
KLM Royal Dutch,"KL 1706, KL 879",Madrid,20:20,Kolkata,"09:05
+ 2 DAY",33 h 15 m,"1,11,131",15/10/2023
KLM Royal Dutch,"KL 1704, KL 879",Madrid,17:10,Kolkata,"10:05
+ 2 DAY",37 h 25 m,"1,11,131",15/10/2023
Air France,"AF 1101, AF 212",Madrid,20:15,Kolkata,"10:20
+ 2 DAY",34 h 35 m,"1,12,058",15/10/2023
IndiGo,"6E 4148, 6E 4102",Madrid,12:00,Kolkata,"02:05
+ 2 DAY",34 h 35 m,"1,16,721",15/10/2023
Etihad Airways,"EY 4302, EY 50",Madrid,07:30,Kolkata,"03:20
+ 1 DAY",16 h 20 m,"58,428",16/10/2023
IndiGo,"6E 4147, 6E 18",Madrid,18:20,Kolkata,"10:20
+ 2 DAY",36 h 30 m,"73,133",16/10/2023
IndiGo,"6E 4147, 6E 18",Madrid,18:20,Kolkata,"14:55
+ 2 DAY",41 h 05 m,"75,783",16/10/2023
IndiGo,"6E 4147, 6E 18",Madrid,18:20,Kolkata,"12:25
+ 2 DAY",38 h 35 m,"77,585",16/10/2023
IndiGo,"6E 4147, 6E 12",Madrid,18:20,Kolkata,"12:10
+ 2 DAY",38 h 20 m,"80,059",16/10/2023
IndiGo,"6E 4147, 6E 12",Madrid,18:20,Kolkata,"11:05
+ 2 DAY",37 h 15 m,"80,907",16/10/2023
IndiGo,"6E 4147, 6E 12",Madrid,18:20,Kolkata,"15:05
+ 2 DAY",41 h 15 m,"80,907",16/10/2023
IndiGo,"6E 4147, 6E 12",Madrid,18:20,Kolkata,"18:10
+ 2 DAY",44 h 20 m,"80,907",16/10/2023
IndiGo,"6E 4148, 6E 18",Madrid,11:15,Kolkata,"10:20
+ 1 DAY",19 h 35 m,"82,302",16/10/2023
IndiGo,"6E 4147, 6E 12",Madrid,18:20,Kolkata,"20:00
+ 2 DAY",46 h 10 m,"82,815",16/10/2023
IndiGo,"6E 4148, 6E 18",Madrid,11:15,Kolkata,"12:25
+ 1 DAY",21 h 40 m,"83,786",16/10/2023
IndiGo,"6E 4148, 6E 18",Madrid,11:15,Kolkata,"22:15
+ 1 DAY",31 h 30 m,"83,786",16/10/2023
IndiGo,"6E 4148, 6E 18",Madrid,11:15,Kolkata,"05:10
+ 2 DAY",38 h 25 m,"83,786",16/10/2023
Air France,"AF 1401, AF 212",Madrid,06:10,Kolkata,"10:20
+ 1 DAY",24 h 40 m,"84,540",16/10/2023
KLM Royal Dutch,"KL 1706, KL 879",Madrid,20:20,Kolkata,"09:05
+ 2 DAY",33 h 15 m,"84,560",16/10/2023
IndiGo,"6E 4148, 6E 18",Madrid,11:15,Kolkata,"20:20
+ 1 DAY",29 h 35 m,"84,846",16/10/2023
IndiGo,"6E 4147, 6E 4104",Madrid,18:20,Kolkata,"10:20
+ 2 DAY",36 h 30 m,"86,226",16/10/2023
IndiGo,"6E 4148, 6E 18",Madrid,11:15,Kolkata,"01:15
+ 2 DAY",34 h 30 m,"86,436",16/10/2023
IndiGo,"6E 4148, 6E 12",Madrid,11:15,Kolkata,"12:10
+ 1 DAY",21 h 25 m,"87,532",16/10/2023
IndiGo,"6E 4148, 6E 12",Madrid,11:15,Kolkata,"13:10
+ 1 DAY",22 h 25 m,"87,532",16/10/2023
IndiGo,"6E 4148, 6E 12",Madrid,11:15,Kolkata,"20:00
+ 1 DAY",29 h 15 m,"87,532",16/10/2023
IndiGo,"6E 4148, 6E 12",Madrid,11:15,Kolkata,"01:00
+ 2 DAY",34 h 15 m,"87,532",16/10/2023
IndiGo,"6E 4148, 6E 12",Madrid,11:15,Kolkata,"02:05
+ 2 DAY",35 h 20 m,"87,532",16/10/2023
IndiGo,"6E 4148, 6E 12",Madrid,11:15,Kolkata,"11:05
+ 1 DAY",20 h 20 m,"88,274",16/10/2023
IndiGo,"6E 4148, 6E 12",Madrid,11:15,Kolkata,"15:00
+ 1 DAY",24 h 15 m,"88,274",16/10/2023
IndiGo,"6E 4148, 6E 12",Madrid,11:15,Kolkata,"18:10
+ 1 DAY",27 h 25 m,"88,274",16/10/2023
IndiGo,"6E 4148, 6E 12",Madrid,11:15,Kolkata,"21:05
+ 1 DAY",30 h 20 m,"88,274",16/10/2023
IndiGo,"6E 4147, 6E 4104",Madrid,18:20,Kolkata,"14:55
+ 2 DAY",41 h 05 m,"88,876",16/10/2023
IndiGo,"6E 4148, 6E 12",Madrid,11:15,Kolkata,"05:10
+ 2 DAY",38 h 25 m,"89,016",16/10/2023
IndiGo,"6E 4147, 6E 4104",Madrid,18:20,Kolkata,"12:25
+ 2 DAY",38 h 35 m,"90,678",16/10/2023
IndiGo,"6E 4148, 6E 12",Madrid,11:15,Kolkata,"22:40
+ 1 DAY",31 h 55 m,"90,712",16/10/2023
IndiGo,"6E 4148, 6E 4104",Madrid,11:15,Kolkata,"10:20
+ 1 DAY",19 h 35 m,"95,395",16/10/2023
KLM Royal Dutch,"KL 1698, KL 879",Madrid,06:00,Kolkata,"09:05
+ 1 DAY",23 h 35 m,"95,447",16/10/2023
KLM Royal Dutch,"KL 1698, KL 879",Madrid,06:00,Kolkata,"10:05
+ 1 DAY",24 h 35 m,"95,447",16/10/2023
"Air France, Vistara","AF 1401, AF 212",Madrid,06:10,Kolkata,"09:35
+ 1 DAY",23 h 55 m,"95,566",16/10/2023
Etihad Airways,"EY 76, EY 258",Madrid,10:35,Kolkata,"03:20
+ 1 DAY",13 h 15 m,"95,883",16/10/2023
Air France,"AF 1101, AF 212",Madrid,20:15,Kolkata,"09:25
+ 2 DAY",33 h 40 m,"96,365",16/10/2023
Air France,"AF 1101, AF 212",Madrid,20:15,Kolkata,"10:20
+ 2 DAY",34 h 35 m,"96,365",16/10/2023
Air France,"AF 1801, AF 212",Madrid,17:50,Kolkata,"09:25
+ 2 DAY",36 h 05 m,"96,365",16/10/2023
Air France,"AF 1801, AF 212",Madrid,17:50,Kolkata,"10:20
+ 2 DAY",37 h,"96,365",16/10/2023
Air France,"AF 1601, AF 212",Madrid,16:40,Kolkata,"09:25
+ 2 DAY",37 h 15 m,"96,365",16/10/2023
Air France,"AF 1601, AF 212",Madrid,16:40,Kolkata,"10:20
+ 2 DAY",38 h 10 m,"96,365",16/10/2023
IndiGo,"6E 4148, 6E 4104",Madrid,11:15,Kolkata,"12:25
+ 1 DAY",21 h 40 m,"96,879",16/10/2023
IndiGo,"6E 4148, 6E 4104",Madrid,11:15,Kolkata,"22:15
+ 1 DAY",31 h 30 m,"96,879",16/10/2023
IndiGo,"6E 4148, 6E 4104",Madrid,11:15,Kolkata,"05:10
+ 2 DAY",38 h 25 m,"96,879",16/10/2023
IndiGo,"6E 4148, 6E 4104",Madrid,11:15,Kolkata,"20:20
+ 1 DAY",29 h 35 m,"97,939",16/10/2023
"Finnair, Vistara","AY 1662, AY 121",Madrid,10:15,Kolkata,"09:45
+ 1 DAY",20 h,"99,050",16/10/2023
"Finnair, Vistara","AY 1662, AY 121",Madrid,10:15,Kolkata,"18:05
+ 1 DAY",28 h 20 m,"99,050",16/10/2023
Etihad Airways,"EY 76, EY 1696",Madrid,10:35,Kolkata,"20:30
+ 1 DAY",30 h 25 m,"67,735",17/10/2023
IndiGo,"6E 4148, 6E 18",Madrid,12:00,Kolkata,"10:20
+ 1 DAY",18 h 50 m,"73,133",17/10/2023
IndiGo,"6E 4148, 6E 18",Madrid,12:00,Kolkata,"14:55
+ 1 DAY",23 h 25 m,"75,783",17/10/2023
IndiGo,"6E 4148, 6E 18",Madrid,12:00,Kolkata,"20:20
+ 1 DAY",28 h 50 m,"75,783",17/10/2023
IndiGo,"6E 4148, 6E 18",Madrid,12:00,Kolkata,"05:10
+ 2 DAY",37 h 40 m,"75,783",17/10/2023
IndiGo,"6E 4148, 6E 18",Madrid,12:00,Kolkata,"12:25
+ 1 DAY",20 h 55 m,"77,585",17/10/2023
IndiGo,"6E 4148, 6E 18",Madrid,12:00,Kolkata,"01:15
+ 2 DAY",33 h 45 m,"77,585",17/10/2023
IndiGo,"6E 4148, 6E 12",Madrid,12:00,Kolkata,"02:05
+ 2 DAY",34 h 35 m,"79,211",17/10/2023
Etihad Airways,"EY 4342, EY 74",Madrid,07:55,Kolkata,"20:30
+ 1 DAY",33 h 05 m,"79,523",17/10/2023
IndiGo,"6E 4148, 6E 18",Madrid,12:00,Kolkata,"22:15
+ 1 DAY",30 h 45 m,"79,705",17/10/2023
IndiGo,"6E 4148, 6E 12",Madrid,12:00,Kolkata,"12:10
+ 1 DAY",20 h 40 m,"80,059",17/10/2023
IndiGo,"6E 4148, 6E 12",Madrid,12:00,Kolkata,"05:10
+ 2 DAY",37 h 40 m,"80,059",17/10/2023
IndiGo,"6E 4148, 6E 12",Madrid,12:00,Kolkata,"11:05
+ 1 DAY",19 h 35 m,"80,907",17/10/2023
IndiGo,"6E 4148, 6E 12",Madrid,12:00,Kolkata,"15:05
+ 1 DAY",23 h 35 m,"80,907",17/10/2023
IndiGo,"6E 4148, 6E 12",Madrid,12:00,Kolkata,"18:10
+ 1 DAY",26 h 40 m,"80,907",17/10/2023
IndiGo,"6E 4148, 6E 12",Madrid,12:00,Kolkata,"01:00
+ 2 DAY",33 h 30 m,"80,907",17/10/2023
IndiGo,"6E 4148, 6E 12",Madrid,12:00,Kolkata,"21:05
+ 1 DAY",29 h 35 m,"81,861",17/10/2023
IndiGo,"6E 4148, 6E 12",Madrid,12:00,Kolkata,"20:00
+ 1 DAY",28 h 30 m,"82,815",17/10/2023
IndiGo,"6E 4148, 6E 12",Madrid,12:00,Kolkata,"22:40
+ 1 DAY",31 h 10 m,"82,815",17/10/2023
KLM Royal Dutch,"KL 1698, KL 879",Madrid,06:00,Kolkata,"09:05
+ 1 DAY",23 h 35 m,"84,560",17/10/2023
KLM Royal Dutch,"KL 1698, KL 879",Madrid,06:00,Kolkata,"10:05
+ 1 DAY",24 h 35 m,"84,560",17/10/2023
IndiGo,"6E 4148, 6E 4104",Madrid,12:00,Kolkata,"10:20
+ 1 DAY",18 h 50 m,"86,226",17/10/2023
IndiGo,"6E 4147, 6E 18",Madrid,18:15,Kolkata,"12:25
+ 2 DAY",38 h 40 m,"86,436",17/10/2023
"Finnair, Vistara","AY 1662, AY 121",Madrid,10:15,Kolkata,"09:45
+ 1 DAY",20 h,"86,690",17/10/2023
"Finnair, Vistara","AY 1662, AY 121",Madrid,10:15,Kolkata,"18:05
+ 1 DAY",28 h 20 m,"86,690",17/10/2023
IndiGo,"6E 4147, 6E 18",Madrid,18:15,Kolkata,"14:50
+ 2 DAY",41 h 05 m,"88,238",17/10/2023
IndiGo,"6E 4147, 6E 12",Madrid,18:15,Kolkata,"11:05
+ 2 DAY",37 h 20 m,"88,266",17/10/2023
IndiGo,"6E 4148, 6E 4104",Madrid,12:00,Kolkata,"14:55
+ 1 DAY",23 h 25 m,"88,876",17/10/2023
IndiGo,"6E 4148, 6E 4104",Madrid,12:00,Kolkata,"20:20
+ 1 DAY",28 h 50 m,"88,876",17/10/2023
IndiGo,"6E 4148, 6E 4104",Madrid,12:00,Kolkata,"05:10
+ 2 DAY",37 h 40 m,"88,876",17/10/2023
IndiGo,"6E 4147, 6E 12",Madrid,18:15,Kolkata,"12:10
+ 2 DAY",38 h 25 m,"89,114",17/10/2023
IndiGo,"6E 4147, 6E 12",Madrid,18:15,Kolkata,"18:10
+ 2 DAY",44 h 25 m,"89,114",17/10/2023
IndiGo,"6E 4147, 6E 12",Madrid,18:15,Kolkata,"20:00
+ 2 DAY",46 h 15 m,"90,068",17/10/2023
IndiGo,"6E 4147, 6E 18",Madrid,18:15,Kolkata,"10:20
+ 2 DAY",36 h 35 m,"90,358",17/10/2023
IndiGo,"6E 4148, 6E 4104",Madrid,12:00,Kolkata,"12:25
+ 1 DAY",20 h 55 m,"90,678",17/10/2023
IndiGo,"6E 4148, 6E 4104",Madrid,12:00,Kolkata,"01:15
+ 2 DAY",33 h 45 m,"90,678",17/10/2023
IndiGo,"6E 4147, 6E 12",Madrid,18:15,Kolkata,"15:00
+ 2 DAY",41 h 15 m,"91,022",17/10/2023
IndiGo,"6E 4148, 6E 4104",Madrid,12:00,Kolkata,"22:15
+ 1 DAY",30 h 45 m,"92,798",17/10/2023
KLM Royal Dutch,"KL 1698, KL 877",Madrid,06:00,Kolkata,"09:25
+ 1 DAY",23 h 55 m,"95,447",17/10/2023
IndiGo,"6E 4147, 6E 4104",Madrid,18:15,Kolkata,"12:25
+ 2 DAY",38 h 40 m,"99,529",17/10/2023
KLM Royal Dutch,"KL 3390, KL 877",Madrid,07:05,Kolkata,"09:25
+ 1 DAY",22 h 50 m,"1,00,182",17/10/2023
IndiGo,"6E 4147, 6E 4104",Madrid,18:15,Kolkata,"14:50
+ 2 DAY",41 h 05 m,"1,01,331",17/10/2023
Etihad Airways,"EY 4366, EY 50",Madrid,15:10,Kolkata,"03:20
+ 2 DAY",32 h 40 m,"1,02,059",17/10/2023
Etihad Airways,"EY 4331, EY 74",Madrid,14:55,Kolkata,"03:20
+ 2 DAY",32 h 55 m,"1,02,753",17/10/2023
IndiGo,"6E 4147, 6E 4104",Madrid,18:15,Kolkata,"10:20
+ 2 DAY",36 h 35 m,"1,03,451",17/10/2023
Turkish Airlines,"TK 1858, TK 4651",Madrid,12:00,Kolkata,"11:05
+ 1 DAY",19 h 35 m,"1,06,185",17/10/2023
Turkish Airlines,"TK 1360, TK 4651",Madrid,08:00,Kolkata,"11:05
+ 1 DAY",23 h 35 m,"1,06,185",17/10/2023
"Air France, Air India","AF 1101, AI 142",Madrid,20:15,Kolkata,"19:15
+ 2 DAY",43 h 30 m,"1,07,881",17/10/2023
IndiGo,"6E 4148, 6E 18",Madrid,12:00,Kolkata,"12:25
+ 1 DAY",20 h 55 m,"75,783",18/10/2023
IndiGo,"6E 4148, 6E 18",Madrid,12:00,Kolkata,"20:20
+ 1 DAY",28 h 50 m,"75,783",18/10/2023
IndiGo,"6E 4148, 6E 18",Madrid,12:00,Kolkata,"14:50
+ 1 DAY",23 h 20 m,"77,585",18/10/2023
IndiGo,"6E 4148, 6E 18",Madrid,12:00,Kolkata,"01:15
+ 2 DAY",33 h 45 m,"77,585",18/10/2023
IndiGo,"6E 4148, 6E 12",Madrid,12:00,Kolkata,"11:05
+ 1 DAY",19 h 35 m,"77,613",18/10/2023
IndiGo,"6E 4148, 6E 12",Madrid,12:00,Kolkata,"12:10
+ 1 DAY",20 h 40 m,"78,461",18/10/2023
IndiGo,"6E 4148, 6E 12",Madrid,12:00,Kolkata,"18:10
+ 1 DAY",26 h 40 m,"78,461",18/10/2023
IndiGo,"6E 4148, 6E 12",Madrid,12:00,Kolkata,"01:00
+ 2 DAY",33 h 30 m,"78,461",18/10/2023
IndiGo,"6E 4148, 6E 12",Madrid,12:00,Kolkata,"20:00
+ 1 DAY",28 h 30 m,"79,415",18/10/2023
IndiGo,"6E 4148, 6E 12",Madrid,12:00,Kolkata,"02:05
+ 2 DAY",34 h 35 m,"79,415",18/10/2023
IndiGo,"6E 4148, 6E 12",Madrid,12:00,Kolkata,"05:10
+ 2 DAY",37 h 40 m,"79,415",18/10/2023
IndiGo,"6E 4148, 6E 18",Madrid,12:00,Kolkata,"10:20
+ 1 DAY",18 h 50 m,"79,705",18/10/2023
IndiGo,"6E 4148, 6E 18",Madrid,12:00,Kolkata,"05:10
+ 2 DAY",37 h 40 m,"79,705",18/10/2023
IndiGo,"6E 4148, 6E 12",Madrid,12:00,Kolkata,"15:00
+ 1 DAY",23 h 30 m,"80,369",18/10/2023
IndiGo,"6E 4148, 6E 12",Madrid,12:00,Kolkata,"21:05
+ 1 DAY",29 h 35 m,"81,323",18/10/2023
IndiGo,"6E 4148, 6E 12",Madrid,12:00,Kolkata,"22:40
+ 1 DAY",31 h 10 m,"81,323",18/10/2023
IndiGo,"6E 4148, 6E 18",Madrid,12:00,Kolkata,"22:15
+ 1 DAY",30 h 45 m,"81,931",18/10/2023
IndiGo,"6E 4148, 6E 4104",Madrid,12:00,Kolkata,"12:25
+ 1 DAY",20 h 55 m,"88,876",18/10/2023
IndiGo,"6E 4148, 6E 4104",Madrid,12:00,Kolkata,"20:20
+ 1 DAY",28 h 50 m,"88,876",18/10/2023
IndiGo,"6E 4147, 6E 12",Madrid,18:20,Kolkata,"12:10
+ 2 DAY",38 h 20 m,"90,068",18/10/2023
IndiGo,"6E 4147, 6E 18",Madrid,18:20,Kolkata,"12:25
+ 2 DAY",38 h 35 m,"90,358",18/10/2023
IndiGo,"6E 4147, 6E 18",Madrid,18:20,Kolkata,"14:50
+ 2 DAY",41 h,"90,358",18/10/2023
IndiGo,"6E 4148, 6E 4104",Madrid,12:00,Kolkata,"14:50
+ 1 DAY",23 h 20 m,"90,678",18/10/2023
IndiGo,"6E 4148, 6E 4104",Madrid,12:00,Kolkata,"01:15
+ 2 DAY",33 h 45 m,"90,678",18/10/2023
IndiGo,"6E 4147, 6E 12",Madrid,18:20,Kolkata,"15:00
+ 2 DAY",41 h 10 m,"91,022",18/10/2023
IndiGo,"6E 4147, 6E 12",Madrid,18:20,Kolkata,"18:10
+ 2 DAY",44 h 20 m,"91,022",18/10/2023
IndiGo,"6E 4147, 6E 12",Madrid,18:20,Kolkata,"20:00
+ 2 DAY",46 h 10 m,"91,022",18/10/2023
IndiGo,"6E 4147, 6E 12",Madrid,18:20,Kolkata,"11:05
+ 2 DAY",37 h 15 m,"91,976",18/10/2023
IndiGo,"6E 4148, 6E 4104",Madrid,12:00,Kolkata,"10:20
+ 1 DAY",18 h 50 m,"92,798",18/10/2023
IndiGo,"6E 4148, 6E 4104",Madrid,12:00,Kolkata,"05:10
+ 2 DAY",37 h 40 m,"92,798",18/10/2023
IndiGo,"6E 4148, 6E 4104",Madrid,12:00,Kolkata,"22:15
+ 1 DAY",30 h 45 m,"95,024",18/10/2023
KLM Royal Dutch,"KL 1706, KL 879",Madrid,20:20,Kolkata,"09:05
+ 2 DAY",33 h 15 m,"95,447",18/10/2023
"Finnair, Vistara","AY 1662, AY 121",Madrid,10:15,Kolkata,"09:45
+ 1 DAY",20 h,"99,050",18/10/2023
IndiGo,"6E 4147, 6E 18",Madrid,18:20,Kolkata,"10:20
+ 2 DAY",36 h 30 m,"99,156",18/10/2023
Etihad Airways,"EY 4342, EY 74",Madrid,07:55,Kolkata,"03:20
+ 1 DAY",15 h 55 m,"1,02,753",18/10/2023
Etihad Airways,"EY 4353, EY 6",Madrid,07:10,Kolkata,"03:20
+ 1 DAY",16 h 40 m,"1,02,817",18/10/2023
IndiGo,"6E 4147, 6E 4104",Madrid,18:20,Kolkata,"12:25
+ 2 DAY",38 h 35 m,"1,03,451",18/10/2023
IndiGo,"6E 4147, 6E 4104",Madrid,18:20,Kolkata,"14:50
+ 2 DAY",41 h,"1,03,451",18/10/2023
Lufthansa,"LH 1113, LH 7252",Madrid,13:00,Kolkata,"06:25
+ 2 DAY",37 h 55 m,"1,06,103",18/10/2023
Turkish Airlines,"TK 1858, TK 4651",Madrid,12:00,Kolkata,"11:05
+ 1 DAY",19 h 35 m,"1,06,185",18/10/2023
Turkish Airlines,"TK 1860, TK 4651",Madrid,18:20,Kolkata,"11:05
+ 2 DAY",37 h 15 m,"1,06,185",18/10/2023
"Lufthansa, Air India","LH 1113, LH 7252",Madrid,13:00,Kolkata,"19:15
+ 1 DAY",26 h 45 m,"1,11,112",18/10/2023
"Lufthansa, Air India","LH 1123, LH 7252",Madrid,08:35,Kolkata,"19:15
+ 1 DAY",31 h 10 m,"1,11,112",18/10/2023
Air France,"AF 1401, AF 212",Madrid,06:10,Kolkata,"09:25
+ 1 DAY",23 h 45 m,"1,11,449",18/10/2023
Air France,"AF 1401, AF 212",Madrid,06:10,Kolkata,"10:20
+ 1 DAY",24 h 40 m,"1,11,449",18/10/2023
KLM Royal Dutch,"KL 1698, KL 877",Madrid,06:00,Kolkata,"09:25
+ 1 DAY",23 h 55 m,"1,11,476",18/10/2023
KLM Royal Dutch,"KL 1706, KL 877",Madrid,20:20,Kolkata,"09:25
+ 2 DAY",33 h 35 m,"1,11,476",18/10/2023
Air France,"AF 1101, AF 212",Madrid,20:15,Kolkata,"09:25
+ 2 DAY",33 h 40 m,"1,12,403",18/10/2023
KLM Royal Dutch,"KL 1706, KL 879",Madrid,20:20,Kolkata,"09:05
+ 2 DAY",33 h 15 m,"84,560",19/10/2023
KLM Royal Dutch,"KL 1702, KL 879",Madrid,13:05,Kolkata,"09:05
+ 2 DAY",40 h 30 m,"84,560",19/10/2023
IndiGo,"6E 4147, 6E 12",Madrid,18:20,Kolkata,"20:00
+ 2 DAY",46 h 10 m,"89,864",19/10/2023
IndiGo,"6E 4147, 6E 18",Madrid,18:20,Kolkata,"12:25
+ 2 DAY",38 h 35 m,"90,059",19/10/2023
IndiGo,"6E 4147, 6E 12",Madrid,18:20,Kolkata,"18:10
+ 2 DAY",44 h 20 m,"90,712",19/10/2023
IndiGo,"6E 4147, 6E 12",Madrid,18:20,Kolkata,"15:00
+ 2 DAY",41 h 10 m,"91,560",19/10/2023
IndiGo,"6E 4147, 6E 18",Madrid,18:20,Kolkata,"14:50
+ 2 DAY",41 h,"92,179",19/10/2023
IndiGo,"6E 4147, 6E 12",Madrid,18:20,Kolkata,"11:05
+ 2 DAY",37 h 15 m,"92,514",19/10/2023
IndiGo,"6E 4147, 6E 12",Madrid,18:20,Kolkata,"12:10
+ 2 DAY",38 h 20 m,"92,514",19/10/2023
IndiGo,"6E 4147, 6E 18",Madrid,18:20,Kolkata,"10:20
+ 2 DAY",36 h 30 m,"94,405",19/10/2023
KLM Royal Dutch,"KL 1698, KL 879",Madrid,06:00,Kolkata,"09:05
+ 1 DAY",23 h 35 m,"95,447",19/10/2023
KLM Royal Dutch,"KL 1698, KL 879",Madrid,06:00,Kolkata,"10:05
+ 1 DAY",24 h 35 m,"95,447",19/10/2023
KLM Royal Dutch,"KL 1706, KL 879",Madrid,20:20,Kolkata,"10:05
+ 2 DAY",34 h 15 m,"95,447",19/10/2023
KLM Royal Dutch,"KL 1704, KL 879",Madrid,17:10,Kolkata,"09:05
+ 2 DAY",36 h 25 m,"95,447",19/10/2023
KLM Royal Dutch,"KL 1704, KL 879",Madrid,17:10,Kolkata,"10:05
+ 2 DAY",37 h 25 m,"95,447",19/10/2023
Etihad Airways,"EY 76, EY 256",Madrid,10:35,Kolkata,"20:10
+ 1 DAY",30 h 05 m,"95,883",19/10/2023
"Finnair, Vistara","AY 1662, AY 121",Madrid,10:15,Kolkata,"09:45
+ 1 DAY",20 h,"99,050",19/10/2023
"Finnair, Vistara","AY 1662, AY 121",Madrid,10:15,Kolkata,"18:05
+ 1 DAY",28 h 20 m,"99,050",19/10/2023
Etihad Airways,"EY 4302, EY 50",Madrid,07:30,Kolkata,"03:20
+ 1 DAY",16 h 20 m,"1,01,353",19/10/2023
Etihad Airways,"EY 7256, EY 58",Madrid,06:20,Kolkata,"20:10
+ 1 DAY",34 h 20 m,"1,03,365",19/10/2023
Turkish Airlines,"TK 1860, TK 4651",Madrid,18:20,Kolkata,"11:05
+ 2 DAY",37 h 15 m,"1,06,185",19/10/2023
Air France,"AF 1401, AF 212",Madrid,06:10,Kolkata,"09:25
+ 1 DAY",23 h 45 m,"1,11,449",19/10/2023
Air France,"AF 1401, AF 212",Madrid,06:10,Kolkata,"10:20
+ 1 DAY",24 h 40 m,"1,11,449",19/10/2023
KLM Royal Dutch,"KL 1698, KL 877",Madrid,06:00,Kolkata,"09:25
+ 1 DAY",23 h 55 m,"1,11,476",19/10/2023
Air France,"AF 1101, AF 212",Madrid,20:15,Kolkata,"09:25
+ 2 DAY",33 h 40 m,"1,12,403",19/10/2023
Air France,"AF 1101, AF 212",Madrid,20:15,Kolkata,"10:20
+ 2 DAY",34 h 35 m,"1,12,403",19/10/2023
Air France,"AF 1801, AF 212",Madrid,17:50,Kolkata,"09:25
+ 2 DAY",36 h 05 m,"1,12,403",19/10/2023
Air France,"AF 1801, AF 212",Madrid,17:50,Kolkata,"10:20
+ 2 DAY",37 h,"1,12,403",19/10/2023
Air France,"AF 1601, AF 212",Madrid,16:40,Kolkata,"09:25
+ 2 DAY",37 h 15 m,"1,12,403",19/10/2023
"Lufthansa, Vistara","LH 1123, LH 756",Madrid,08:30,Kolkata,"16:50
+ 1 DAY",28 h 50 m,"1,14,745",19/10/2023
KLM Royal Dutch,"KL 3390, KL 877",Madrid,07:05,Kolkata,"09:25
+ 1 DAY",22 h 50 m,"1,16,284",19/10/2023
Emirates,"EK 142, EK 570",Madrid,15:25,Kolkata,"08:15
+ 1 DAY",13 h 20 m,"1,17,311",19/10/2023
"LOT Polish Airlines, Air India","LO 434, LO 71",Madrid,15:30,Kolkata,"09:00
+ 2 DAY",38 h,"1,18,543",19/10/2023
"Air France, Air India","AF 1101, AI 142",Madrid,20:15,Kolkata,"14:30
+ 2 DAY",38 h 45 m,"1,18,747",19/10/2023
"Air France, Air India","AF 1101, AI 142",Madrid,20:15,Kolkata,"19:15
+ 2 DAY",43 h 30 m,"1,18,747",19/10/2023
"Lufthansa, Air India","LH 1805, LH 766",Madrid,18:30,Kolkata,"08:45
+ 2 DAY",34 h 45 m,"1,24,243",19/10/2023
Etihad Airways,"EY 4310, EY 86",Madrid,07:05,Kolkata,"03:20
+ 1 DAY",16 h 45 m,"1,29,683",19/10/2023
Etihad Airways,"EY 2954, EY 86",Madrid,05:50,Kolkata,"03:20
+ 1 DAY",18 h,"1,29,683",19/10/2023
Etihad Airways,"EY 4343, EY 2",Madrid,07:10,Kolkata,"03:20
+ 1 DAY",16 h 40 m,"1,30,284",19/10/2023
IndiGo,"6E 4147, 6E 4102",Madrid,18:20,Kolkata,"20:00
+ 2 DAY",46 h 10 m,"1,31,834",19/10/2023
IndiGo,"6E 4147, 6E 4102",Madrid,18:20,Kolkata,"18:10
+ 2 DAY",44 h 20 m,"1,32,697",19/10/2023
IndiGo,"6E 4147, 6E 4102",Madrid,18:20,Kolkata,"15:00
+ 2 DAY",41 h 10 m,"1,33,559",19/10/2023
IndiGo,"6E 4147, 6E 4102",Madrid,18:20,Kolkata,"11:05
+ 2 DAY",37 h 15 m,"1,34,529",19/10/2023
IndiGo,"6E 4147, 6E 4102",Madrid,18:20,Kolkata,"12:10
+ 2 DAY",38 h 20 m,"1,34,529",19/10/2023
Lufthansa,"LH 1123, LH 760",Madrid,08:30,Kolkata,"06:25
+ 1 DAY",18 h 25 m,"1,38,685",19/10/2023
Lufthansa,"LH 1113, LH 7252",Madrid,13:00,Kolkata,"06:25
+ 2 DAY",37 h 55 m,"1,38,685",19/10/2023
Turkish Airlines,"TK 1858, TK 4651",Madrid,12:00,Kolkata,"11:05
+ 1 DAY",19 h 35 m,"1,38,754",19/10/2023
IndiGo,"6E 4147, 6E 4104",Madrid,18:20,Kolkata,"12:25
+ 2 DAY",38 h 35 m,"1,38,841",19/10/2023
Etihad Airways,"EY 76, EY 1696",Madrid,10:35,Kolkata,"20:30
+ 1 DAY",30 h 25 m,"70,056",20/10/2023
IndiGo,"6E 4147, 6E 18",Madrid,18:20,Kolkata,"10:20
+ 2 DAY",36 h 30 m,"71,550",20/10/2023
IndiGo,"6E 4148, 6E 18",Madrid,12:00,Kolkata,"05:10
+ 2 DAY",37 h 40 m,"72,198",20/10/2023
IndiGo,"6E 4147, 6E 18",Madrid,18:20,Kolkata,"12:25
+ 2 DAY",38 h 35 m,"72,822",20/10/2023
IndiGo,"6E 4147, 6E 18",Madrid,18:20,Kolkata,"14:50
+ 2 DAY",41 h,"74,094",20/10/2023
IndiGo,"6E 4148, 6E 18",Madrid,12:00,Kolkata,"01:15
+ 2 DAY",33 h 45 m,"74,106",20/10/2023
IndiGo,"6E 4148, 6E 18",Madrid,12:00,Kolkata,"20:20
+ 1 DAY",28 h 50 m,"76,014",20/10/2023
IndiGo,"6E 4148, 6E 18",Madrid,12:00,Kolkata,"22:15
+ 1 DAY",30 h 45 m,"76,014",20/10/2023
Qatar Airways,"QR 152, QR 540",Madrid,22:25,Kolkata,"02:20
+ 2 DAY",24 h 25 m,"76,457",20/10/2023
Qatar Airways,"QR 150, QR 540",Madrid,16:05,Kolkata,"02:20
+ 2 DAY",30 h 45 m,"76,457",20/10/2023
IndiGo,"6E 4147, 6E 12",Madrid,18:20,Kolkata,"20:00
+ 2 DAY",46 h 10 m,"77,034",20/10/2023
IndiGo,"6E 4148, 6E 12",Madrid,12:00,Kolkata,"05:10
+ 2 DAY",37 h 40 m,"77,621",20/10/2023
IndiGo,"6E 4148, 6E 12",Madrid,12:00,Kolkata,"02:05
+ 2 DAY",34 h 35 m,"78,363",20/10/2023
IndiGo,"6E 4147, 6E 12",Madrid,18:20,Kolkata,"12:10
+ 2 DAY",38 h 20 m,"78,518",20/10/2023
IndiGo,"6E 4147, 6E 12",Madrid,18:20,Kolkata,"15:00
+ 2 DAY",41 h 10 m,"78,518",20/10/2023
IndiGo,"6E 4147, 6E 12",Madrid,18:20,Kolkata,"18:10
+ 2 DAY",44 h 20 m,"78,518",20/10/2023
IndiGo,"6E 4148, 6E 12",Madrid,12:00,Kolkata,"20:00
+ 1 DAY",28 h 30 m,"79,211",20/10/2023
IndiGo,"6E 4148, 6E 12",Madrid,12:00,Kolkata,"01:00
+ 2 DAY",33 h 30 m,"79,211",20/10/2023
IndiGo,"6E 4147, 6E 12",Madrid,18:20,Kolkata,"11:05
+ 2 DAY",37 h 15 m,"79,260",20/10/2023
IndiGo,"6E 4148, 6E 18",Madrid,12:00,Kolkata,"12:25
+ 1 DAY",20 h 55 m,"79,406",20/10/2023
IndiGo,"6E 4148, 6E 12",Madrid,12:00,Kolkata,"18:10
+ 1 DAY",26 h 40 m,"80,059",20/10/2023
IndiGo,"6E 4148, 6E 12",Madrid,12:00,Kolkata,"21:05
+ 1 DAY",29 h 35 m,"80,059",20/10/2023
IndiGo,"6E 4148, 6E 12",Madrid,12:00,Kolkata,"15:00
+ 1 DAY",23 h 30 m,"80,907",20/10/2023
IndiGo,"6E 4148, 6E 12",Madrid,12:00,Kolkata,"22:40
+ 1 DAY",31 h 10 m,"80,907",20/10/2023
IndiGo,"6E 4148, 6E 18",Madrid,12:00,Kolkata,"14:50
+ 1 DAY",23 h 20 m,"81,526",20/10/2023
IndiGo,"6E 4148, 6E 12",Madrid,12:00,Kolkata,"11:05
+ 1 DAY",19 h 35 m,"81,861",20/10/2023
IndiGo,"6E 4148, 6E 12",Madrid,12:00,Kolkata,"12:10
+ 1 DAY",20 h 40 m,"81,861",20/10/2023
"Iberia, Qatar Airways","IB 874, QR 540",Madrid,22:25,Kolkata,"02:20
+ 2 DAY",24 h 25 m,"83,352",20/10/2023
IndiGo,"6E 4148, 6E 18",Madrid,12:00,Kolkata,"10:20
+ 1 DAY",18 h 50 m,"83,752",20/10/2023
Air France,"AF 1101, AF 212",Madrid,20:15,Kolkata,"10:20
+ 2 DAY",34 h 35 m,"85,478",20/10/2023
"Turkish Airlines, Air India","TK 1858, TK 4750",Madrid,12:00,Kolkata,"00:25
+ 2 DAY",32 h 55 m,"88,664",20/10/2023
Turkish Airlines,"TK 1860, TK 4750",Madrid,18:20,Kolkata,"12:25
+ 2 DAY",38 h 35 m,"92,934",20/10/2023
Turkish Airlines,"TK 1860, TK 720",Madrid,18:20,Kolkata,"12:25
+ 2 DAY",38 h 35 m,"92,934",20/10/2023
KLM Royal Dutch,"KL 1698, KL 879",Madrid,06:00,Kolkata,"09:05
+ 1 DAY",23 h 35 m,"95,447",20/10/2023
KLM Royal Dutch,"KL 1698, KL 879",Madrid,06:00,Kolkata,"10:05
+ 1 DAY",24 h 35 m,"95,447",20/10/2023
"Turkish Airlines, Air India","TK 1860, TK 720",Madrid,18:20,Kolkata,"22:45
+ 2 DAY",48 h 55 m,"95,954",20/10/2023
Air France,"AF 1101, AF 212",Madrid,20:15,Kolkata,"09:25
+ 2 DAY",33 h 40 m,"96,365",20/10/2023
IndiGo,"6E 4147, 6E 4104",Madrid,18:20,Kolkata,"10:20
+ 2 DAY",36 h 30 m,"97,992",20/10/2023
"Finnair, Vistara","AY 1662, AY 121",Madrid,10:15,Kolkata,"09:45
+ 1 DAY",20 h,"99,050",20/10/2023
"Finnair, Vistara","AY 1662, AY 121",Madrid,10:15,Kolkata,"18:05
+ 1 DAY",28 h 20 m,"99,050",20/10/2023
IndiGo,"6E 4147, 6E 4104",Madrid,18:20,Kolkata,"12:25
+ 2 DAY",38 h 35 m,"99,264",20/10/2023
IndiGo,"6E 4147, 6E 4104",Madrid,18:20,Kolkata,"14:50
+ 2 DAY",41 h,"1,00,536",20/10/2023
Etihad Airways,"EY 4366, EY 50",Madrid,15:10,Kolkata,"03:20
+ 2 DAY",32 h 40 m,"1,04,380",20/10/2023
Turkish Airlines,"TK 1858, TK 4651",Madrid,12:00,Kolkata,"11:05
+ 1 DAY",19 h 35 m,"1,06,185",20/10/2023
Air France,"AF 1401, AF 212",Madrid,06:10,Kolkata,"09:25
+ 1 DAY",23 h 45 m,"1,11,449",20/10/2023
Air France,"AF 1401, AF 212",Madrid,06:10,Kolkata,"10:20
+ 1 DAY",24 h 40 m,"1,11,449",20/10/2023
Qatar Airways,"QR 3506, QR 138",Madrid,22:35,Kolkata,"02:20
+ 2 DAY",24 h 15 m,"1,14,781",20/10/2023
Qatar Airways,"QR 6924, QR 142",Madrid,20:00,Kolkata,"02:20
+ 2 DAY",26 h 50 m,"1,15,104",20/10/2023
Qatar Airways,"QR 6918, QR 142",Madrid,19:00,Kolkata,"02:20
+ 2 DAY",27 h 50 m,"1,15,104",20/10/2023
Qatar Airways,"QR 3546, QR 142",Madrid,18:25,Kolkata,"02:20
+ 2 DAY",28 h 25 m,"1,15,104",20/10/2023
Qatar Airways,"QR 6895, QR 142",Madrid,17:30,Kolkata,"02:20
+ 2 DAY",29 h 20 m,"1,15,104",20/10/2023
Qatar Airways,"QR 6894, QR 142",Madrid,16:00,Kolkata,"02:20
+ 2 DAY",30 h 50 m,"1,15,104",20/10/2023
Qatar Airways,"QR 6889, QR 142",Madrid,14:50,Kolkata,"02:20
+ 2 DAY",32 h,"1,15,104",20/10/2023
Qatar Airways,"QR 3502, QR 142",Madrid,13:40,Kolkata,"02:20
+ 2 DAY",33 h 10 m,"1,15,104",20/10/2023
Qatar Airways,"QR 5095, QR 142",Madrid,11:30,Kolkata,"02:20
+ 2 DAY",35 h 20 m,"1,15,104",20/10/2023
Qatar Airways,"QR 6924, QR 138",Madrid,20:00,Kolkata,"02:20
+ 2 DAY",26 h 50 m,"1,15,498",20/10/2023
Qatar Airways,"QR 6918, QR 138",Madrid,19:00,Kolkata,"02:20
+ 2 DAY",27 h 50 m,"1,15,498",20/10/2023
Qatar Airways,"QR 3546, QR 138",Madrid,18:25,Kolkata,"02:20
+ 2 DAY",28 h 25 m,"1,15,498",20/10/2023
Qatar Airways,"QR 6895, QR 138",Madrid,17:30,Kolkata,"02:20
+ 2 DAY",29 h 20 m,"1,15,498",20/10/2023
Qatar Airways,"QR 3608, QR 142",Madrid,09:30,Kolkata,"02:20
+ 2 DAY",37 h 20 m,"1,15,821",20/10/2023
Qatar Airways,"QR 5090, QR 142",Madrid,08:30,Kolkata,"02:20
+ 2 DAY",38 h 20 m,"1,15,821",20/10/2023
KLM Royal Dutch,"KL 3390, KL 877",Madrid,07:05,Kolkata,"09:25
+ 1 DAY",22 h 50 m,"1,16,284",20/10/2023
IndiGo,"6E 4147, 6E 4102",Madrid,18:20,Kolkata,"20:00
+ 2 DAY",46 h 10 m,"1,17,874",20/10/2023
IndiGo,"6E 4148, 6E 4102",Madrid,12:00,Kolkata,"05:10
+ 2 DAY",37 h 40 m,"1,19,383",20/10/2023
IndiGo,"6E 4147, 6E 4102",Madrid,18:20,Kolkata,"12:10
+ 2 DAY",38 h 20 m,"1,19,383",20/10/2023
IndiGo,"6E 4147, 6E 4102",Madrid,18:20,Kolkata,"15:00
+ 2 DAY",41 h 10 m,"1,19,383",20/10/2023
IndiGo,"6E 4147, 6E 4102",Madrid,18:20,Kolkata,"18:10
+ 2 DAY",44 h 20 m,"1,19,383",20/10/2023
IndiGo,"6E 4148, 6E 4102",Madrid,12:00,Kolkata,"02:05
+ 2 DAY",34 h 35 m,"1,20,138",20/10/2023
IndiGo,"6E 4147, 6E 4102",Madrid,18:20,Kolkata,"11:05
+ 2 DAY",37 h 15 m,"1,20,138",20/10/2023
IndiGo,"6E 4148, 6E 4104",Madrid,12:00,Kolkata,"05:10
+ 2 DAY",37 h 40 m,"1,20,677",20/10/2023
IndiGo,"6E 4148, 6E 4102",Madrid,12:00,Kolkata,"20:00
+ 1 DAY",28 h 30 m,"1,21,000",20/10/2023
IndiGo,"6E 4148, 6E 4102",Madrid,12:00,Kolkata,"01:00
+ 2 DAY",33 h 30 m,"1,21,000",20/10/2023
"Air France, Air India","AF 1101, AF 212",Madrid,20:15,Kolkata,"08:45
+ 2 DAY",33 h,"1,21,732",20/10/2023
IndiGo,"6E 4148, 6E 4102",Madrid,12:00,Kolkata,"18:10
+ 1 DAY",26 h 40 m,"1,21,863",20/10/2023
IndiGo,"6E 4148, 6E 4102",Madrid,12:00,Kolkata,"21:05
+ 1 DAY",29 h 35 m,"1,21,863",20/10/2023
IndiGo,"6E 4148, 6E 4104",Madrid,12:00,Kolkata,"01:15
+ 2 DAY",33 h 45 m,"1,22,617",20/10/2023
IndiGo,"6E 4148, 6E 4102",Madrid,12:00,Kolkata,"15:00
+ 1 DAY",23 h 30 m,"1,22,725",20/10/2023
IndiGo,"6E 4148, 6E 4102",Madrid,12:00,Kolkata,"22:40
+ 1 DAY",31 h 10 m,"1,22,725",20/10/2023
"Lufthansa, Air India","LH 1807, LH 766",Madrid,07:15,Kolkata,"08:45
+ 1 DAY",22 h,"1,23,545",20/10/2023
IndiGo,"6E 4148, 6E 4102",Madrid,12:00,Kolkata,"11:05
+ 1 DAY",19 h 35 m,"1,23,695",20/10/2023
IndiGo,"6E 4148, 6E 4102",Madrid,12:00,Kolkata,"12:10
+ 1 DAY",20 h 40 m,"1,23,695",20/10/2023
Etihad Airways,"EY 4342, EY 74",Madrid,07:55,Kolkata,"20:30
+ 1 DAY",33 h 05 m,"1,24,058",20/10/2023
IndiGo,"6E 4148, 6E 4104",Madrid,12:00,Kolkata,"20:20
+ 1 DAY",28 h 50 m,"1,24,558",20/10/2023
IndiGo,"6E 4148, 6E 4104",Madrid,12:00,Kolkata,"22:15
+ 1 DAY",30 h 45 m,"1,24,558",20/10/2023
IndiGo,"6E 4148, 6E 4104",Madrid,12:00,Kolkata,"12:25
+ 1 DAY",20 h 55 m,"1,28,007",20/10/2023
IndiGo,"6E 4148, 6E 4104",Madrid,12:00,Kolkata,"14:50
+ 1 DAY",23 h 20 m,"1,30,163",20/10/2023
Etihad Airways,"EY 3033, EY 86",Madrid,18:05,Kolkata,"03:20
+ 2 DAY",29 h 45 m,"1,32,044",20/10/2023
Etihad Airways,"EY 4364, EY 86",Madrid,15:00,Kolkata,"03:20
+ 2 DAY",32 h 50 m,"1,32,044",20/10/2023
IndiGo,"6E 4148, 6E 4104",Madrid,12:00,Kolkata,"10:20
+ 1 DAY",18 h 50 m,"1,32,427",20/10/2023
Etihad Airways,"EY 4316, EY 88",Madrid,15:10,Kolkata,"03:20
+ 2 DAY",32 h 40 m,"1,33,006",20/10/2023
Swiss,"LX 2033, LX 154",Madrid,20:20,Kolkata,"09:35
+ 2 DAY",33 h 45 m,"1,36,742",20/10/2023
KLM Royal Dutch,"KL 1706, KL 877",Madrid,20:20,Kolkata,"09:25
+ 2 DAY",33 h 35 m,"1,38,036",20/10/2023
Lufthansa,"LH 1121, LH 760",Madrid,06:10,Kolkata,"06:25
+ 1 DAY",20 h 45 m,"1,38,685",20/10/2023
Turkish Airlines,"TK 1858, TK 716",Madrid,12:00,Kolkata,"11:05
+ 1 DAY",19 h 35 m,"1,38,754",20/10/2023
"Swiss, Air India","LX 2033, LX 154",Madrid,20:20,Kolkata,"08:45
+ 2 DAY",32 h 55 m,"1,42,991",20/10/2023
"Lufthansa, Air India","LH 1121, LH 760",Madrid,06:10,Kolkata,"06:25
+ 1 DAY",20 h 45 m,"1,43,633",20/10/2023
"Lufthansa, Air India","LH 1123, LH 756",Madrid,08:30,Kolkata,"08:45
+ 1 DAY",20 h 45 m,"1,43,633",20/10/2023
"Lufthansa, Air India","LH 1121, LH 756",Madrid,06:10,Kolkata,"08:45
+ 1 DAY",23 h 05 m,"1,43,633",20/10/2023
Qatar Airways,"QR 150, QR 540",Madrid,16:05,Kolkata,"02:20
+ 2 DAY",30 h 45 m,"66,604",21/10/2023
IndiGo,"6E 4148, 6E 18",Madrid,12:00,Kolkata,"05:10
+ 2 DAY",37 h 40 m,"69,430",21/10/2023
IndiGo,"6E 4148, 6E 18",Madrid,12:00,Kolkata,"01:15
+ 2 DAY",33 h 45 m,"70,384",21/10/2023
IndiGo,"6E 4148, 6E 18",Madrid,12:00,Kolkata,"22:15
+ 1 DAY",30 h 45 m,"70,702",21/10/2023
IndiGo,"6E 4148, 6E 18",Madrid,12:00,Kolkata,"10:20
+ 1 DAY",18 h 50 m,"71,550",21/10/2023
IndiGo,"6E 4148, 6E 18",Madrid,12:00,Kolkata,"20:20
+ 1 DAY",28 h 50 m,"71,550",21/10/2023
IndiGo,"6E 4148, 6E 18",Madrid,12:00,Kolkata,"12:25
+ 1 DAY",20 h 55 m,"72,822",21/10/2023
Etihad Airways,"EY 7595, EY 78",Madrid,07:05,Kolkata,"20:10
+ 1 DAY",33 h 35 m,"73,410",21/10/2023
IndiGo,"6E 4148, 6E 18",Madrid,12:00,Kolkata,"14:50
+ 1 DAY",23 h 20 m,"74,094",21/10/2023
IndiGo,"6E 4148, 6E 12",Madrid,12:00,Kolkata,"05:10
+ 2 DAY",37 h 40 m,"75,900",21/10/2023
Qatar Airways,"QR 148, QR 540",Madrid,09:05,Kolkata,"02:20
+ 1 DAY",13 h 45 m,"76,139",21/10/2023
IndiGo,"6E 4148, 6E 12",Madrid,12:00,Kolkata,"20:00
+ 1 DAY",28 h 30 m,"77,034",21/10/2023
IndiGo,"6E 4148, 6E 12",Madrid,12:00,Kolkata,"21:05
+ 1 DAY",29 h 35 m,"77,034",21/10/2023
IndiGo,"6E 4148, 6E 12",Madrid,12:00,Kolkata,"22:40
+ 1 DAY",31 h 10 m,"77,034",21/10/2023
IndiGo,"6E 4148, 6E 12",Madrid,12:00,Kolkata,"01:00
+ 2 DAY",33 h 30 m,"77,034",21/10/2023
IndiGo,"6E 4148, 6E 12",Madrid,12:00,Kolkata,"02:05
+ 2 DAY",34 h 35 m,"77,034",21/10/2023
IndiGo,"6E 4148, 6E 12",Madrid,12:00,Kolkata,"12:10
+ 1 DAY",20 h 40 m,"78,518",21/10/2023
IndiGo,"6E 4148, 6E 12",Madrid,12:00,Kolkata,"15:00
+ 1 DAY",23 h 30 m,"78,518",21/10/2023
IndiGo,"6E 4148, 6E 12",Madrid,12:00,Kolkata,"18:10
+ 1 DAY",26 h 40 m,"78,518",21/10/2023
IndiGo,"6E 4148, 6E 12",Madrid,12:00,Kolkata,"11:05
+ 1 DAY",19 h 35 m,"79,260",21/10/2023
IndiGo,"6E 4147, 6E 18",Madrid,18:15,Kolkata,"12:25
+ 2 DAY",38 h 40 m,"80,401",21/10/2023
IndiGo,"6E 4147, 6E 18",Madrid,18:15,Kolkata,"10:20
+ 2 DAY",36 h 35 m,"80,719",21/10/2023
IndiGo,"6E 4147, 6E 18",Madrid,18:15,Kolkata,"14:50
+ 2 DAY",41 h 05 m,"81,037",21/10/2023
"Iberia, Qatar Airways","IB 7903, QR 540",Madrid,16:05,Kolkata,"02:20
+ 2 DAY",30 h 45 m,"83,352",21/10/2023
IndiGo,"6E 4147, 6E 12",Madrid,18:15,Kolkata,"12:10
+ 2 DAY",38 h 25 m,"85,655",21/10/2023
IndiGo,"6E 4147, 6E 12",Madrid,18:15,Kolkata,"18:10
+ 2 DAY",44 h 25 m,"85,655",21/10/2023
IndiGo,"6E 4147, 6E 12",Madrid,18:15,Kolkata,"20:00
+ 2 DAY",46 h 15 m,"85,655",21/10/2023
IndiGo,"6E 4147, 6E 12",Madrid,18:15,Kolkata,"11:05
+ 2 DAY",37 h 20 m,"86,790",21/10/2023
IndiGo,"6E 4147, 6E 12",Madrid,18:15,Kolkata,"15:00
+ 2 DAY",41 h 15 m,"87,532",21/10/2023
"Iberia, Qatar Airways","IB 7901, QR 540",Madrid,09:05,Kolkata,"02:20
+ 1 DAY",13 h 45 m,"92,064",21/10/2023
Turkish Airlines,"TK 1858, TK 4750",Madrid,12:00,Kolkata,"12:25
+ 1 DAY",20 h 55 m,"92,934",21/10/2023
Turkish Airlines,"TK 1360, TK 4750",Madrid,08:00,Kolkata,"12:25
+ 1 DAY",24 h 55 m,"92,934",21/10/2023
IndiGo,"6E 4148, 6E 4104",Madrid,12:00,Kolkata,"05:10
+ 2 DAY",37 h 40 m,"95,872",21/10/2023
Air France,"AF 1101, AF 212",Madrid,20:15,Kolkata,"09:25
+ 2 DAY",33 h 40 m,"96,365",21/10/2023
IndiGo,"6E 4147, 6E 4104",Madrid,18:15,Kolkata,"12:25
+ 2 DAY",38 h 40 m,"96,614",21/10/2023
IndiGo,"6E 4148, 6E 4104",Madrid,12:00,Kolkata,"01:15
+ 2 DAY",33 h 45 m,"96,826",21/10/2023
IndiGo,"6E 4147, 6E 4104",Madrid,18:15,Kolkata,"10:20
+ 2 DAY",36 h 35 m,"96,932",21/10/2023
IndiGo,"6E 4148, 6E 4104",Madrid,12:00,Kolkata,"22:15
+ 1 DAY",30 h 45 m,"97,144",21/10/2023
"LOT Polish Airlines, Air India","LO 434, LO 71",Madrid,15:30,Kolkata,"09:00
+ 2 DAY",38 h,"97,145",21/10/2023
IndiGo,"6E 4147, 6E 4104",Madrid,18:15,Kolkata,"14:50
+ 2 DAY",41 h 05 m,"97,250",21/10/2023
IndiGo,"6E 4148, 6E 4104",Madrid,12:00,Kolkata,"10:20
+ 1 DAY",18 h 50 m,"97,992",21/10/2023
IndiGo,"6E 4148, 6E 4104",Madrid,12:00,Kolkata,"20:20
+ 1 DAY",28 h 50 m,"97,992",21/10/2023
Etihad Airways,"EY 76, EY 258",Madrid,10:35,Kolkata,"03:20
+ 1 DAY",13 h 15 m,"98,210",21/10/2023
"Finnair, Vistara","AY 1662, AY 121",Madrid,10:15,Kolkata,"09:45
+ 1 DAY",20 h,"99,050",21/10/2023
"Finnair, Vistara","AY 1662, AY 121",Madrid,10:15,Kolkata,"18:05
+ 1 DAY",28 h 20 m,"99,050",21/10/2023
"Finnair, Vistara","AY 1662, AY 121",Madrid,10:15,Kolkata,"19:35
+ 1 DAY",29 h 50 m,"99,050",21/10/2023
IndiGo,"6E 4148, 6E 4104",Madrid,12:00,Kolkata,"12:25
+ 1 DAY",20 h 55 m,"99,264",21/10/2023
KLM Royal Dutch,"KL 3390, KL 877",Madrid,07:05,Kolkata,"09:25
+ 1 DAY",22 h 50 m,"1,00,182",21/10/2023
"Air France, Delta Air Lines","AF 1101, DL 8747",Madrid,20:15,Sao Paulo,"09:40
+ 2 DAY",42 h 25 m,"82,884",15/10/2023
Astrakhan Airlines,"OB 777, OB 736",Madrid,22:00,Sao Paulo,"12:45
+ 1 DAY",19 h 45 m,"85,037",15/10/2023
LATAM Airlines,LA 8065,Madrid,23:45,Sao Paulo,"04:55
+ 1 DAY",10 h 10 m,"96,794",15/10/2023
"Iberia, LATAM Airlines","IB 3034, LA 8115",Madrid,21:35,Sao Paulo,"19:05
+ 1 DAY",26 h 30 m,"97,929",15/10/2023
ITA Airways,"AZ 59, AZ 678",Madrid,05:50,Sao Paulo,16:55,16 h 05 m,"1,01,741",15/10/2023
ITA Airways,"AZ 63, AZ 678",Madrid,18:05,Sao Paulo,"17:00
+ 1 DAY",27 h 55 m,"1,01,741",15/10/2023
ITA Airways,"AZ 61, AZ 678",Madrid,11:45,Sao Paulo,"17:00
+ 1 DAY",34 h 15 m,"1,02,450",15/10/2023
Iberia,IB 6827,Madrid,23:55,Sao Paulo,"05:50
+ 1 DAY",10 h 55 m,"1,20,442",15/10/2023
TAP Portugal,"TP 1021, TP 83",Madrid,18:05,Sao Paulo,"23:05
+ 1 DAY",34 h,"1,29,200",15/10/2023
Iberia,IB 7065,Madrid,23:45,Sao Paulo,"04:55
+ 1 DAY",10 h 10 m,"1,29,861",15/10/2023
LATAM Airlines,"LA 1602, LA 8001",Madrid,00:15,Sao Paulo,"04:55
+ 1 DAY",33 h 40 m,"1,31,805",15/10/2023
LATAM Airlines,LA 7099,Madrid,23:55,Sao Paulo,"05:50
+ 1 DAY",10 h 55 m,"1,32,464",15/10/2023
LATAM Airlines,"LA 7100, LA 701",Madrid,16:30,Sao Paulo,"04:45
+ 1 DAY",17 h 15 m,"1,33,786",15/10/2023
LATAM Airlines,"LA 1553, LA 701",Madrid,14:35,Sao Paulo,"04:45
+ 1 DAY",19 h 10 m,"1,33,786",15/10/2023
"TAP Portugal, Azul Linhas Aereas Brasileiras","TP 1029, AD 7525",Madrid,22:15,Sao Paulo,"23:05
+ 1 DAY",29 h 50 m,"1,42,471",15/10/2023
LATAM Airlines,"LA 7101, LA 8071",Madrid,16:00,Sao Paulo,"04:25
+ 1 DAY",17 h 25 m,"1,47,470",15/10/2023
TAP Portugal,"TP 1029, TP 89",Madrid,22:15,Sao Paulo,"18:30
+ 1 DAY",25 h 15 m,"1,47,661",15/10/2023
TAP Portugal,"TP 1027, TP 83",Madrid,13:35,Sao Paulo,23:05,14 h 30 m,"1,51,313",15/10/2023
Air Europa,UX 57,Madrid,23:45,Sao Paulo,"05:25
+ 1 DAY",10 h 40 m,"1,52,146",15/10/2023
Air France,"AF 1801, AF 454",Madrid,17:50,Sao Paulo,"06:15
+ 1 DAY",17 h 25 m,"1,69,683",15/10/2023
Air France,"AF 1601, AF 454",Madrid,16:40,Sao Paulo,"06:15
+ 1 DAY",18 h 35 m,"1,69,683",15/10/2023
Air France,"AF 1301, AF 454",Madrid,12:25,Sao Paulo,"06:15
+ 1 DAY",22 h 50 m,"1,69,683",15/10/2023
Air France,"AF 1001, AF 454",Madrid,10:05,Sao Paulo,"06:15
+ 1 DAY",25 h 10 m,"1,69,683",15/10/2023
Air France,"AF 1101, AF 460",Madrid,20:15,Sao Paulo,"16:45
+ 1 DAY",25 h 30 m,"1,69,683",15/10/2023
KLM Royal Dutch,"KL 1698, KL 791",Madrid,06:00,Sao Paulo,19:50,18 h 50 m,"1,69,703",15/10/2023
Air France,"AF 1401, AF 454",Madrid,06:10,Sao Paulo,"06:15
+ 1 DAY",29 h 05 m,"1,70,636",15/10/2023
Air France,"AF 1001, AF 460",Madrid,10:05,Sao Paulo,"16:45
+ 1 DAY",35 h 40 m,"1,70,636",15/10/2023
American Airlines,"AA 8837, AA 951",Madrid,16:20,Sao Paulo,"08:20
+ 1 DAY",21 h,"1,85,912",15/10/2023
American Airlines,"AA 8645, AA 995",Madrid,16:35,Sao Paulo,"09:15
+ 1 DAY",21 h 40 m,"1,85,912",15/10/2023
American Airlines,"AA 8644, AA 929",Madrid,11:40,Sao Paulo,"05:15
+ 1 DAY",22 h 35 m,"1,85,912",15/10/2023
American Airlines,"AA 37, AA 963",Madrid,12:30,Sao Paulo,"07:30
+ 1 DAY",24 h,"1,85,912",15/10/2023
American Airlines,"AA 8835, AA 951",Madrid,12:20,Sao Paulo,"08:20
+ 1 DAY",25 h,"1,85,912",15/10/2023
American Airlines,"AA 8835, AA 485",Madrid,12:20,Sao Paulo,"09:15
+ 1 DAY",25 h 55 m,"1,85,912",15/10/2023
American Airlines,"AA 8835, AA 419",Madrid,12:20,Sao Paulo,"09:15
+ 1 DAY",25 h 55 m,"1,85,912",15/10/2023
American Airlines,"AA 8644, AA 995",Madrid,11:40,Sao Paulo,"09:15
+ 1 DAY",26 h 35 m,"1,85,912",15/10/2023
American Airlines,"AA 95, AA 951",Madrid,10:00,Sao Paulo,"08:20
+ 1 DAY",27 h 20 m,"1,85,912",15/10/2023
"Air Europa, Azul Linhas Aereas Brasileiras","UX 1155, AD 7525",Madrid,14:55,Sao Paulo,23:05,13 h 10 m,"1,87,025",15/10/2023
"TAP Portugal, Azul Linhas Aereas Brasileiras","TP 1027, AD 7525",Madrid,13:35,Sao Paulo,23:05,14 h 30 m,"1,87,025",15/10/2023
LATAM Airlines,"LA 7148, LA 8147",Madrid,15:40,Sao Paulo,"15:45
+ 1 DAY",29 h 05 m,"1,88,725",15/10/2023
"Vueling, LATAM Airlines","VY 1009, LA 8115",Madrid,22:35,Sao Paulo,"19:05
+ 1 DAY",25 h 30 m,"1,91,928",15/10/2023
Ethiopian Airlines,"ET 1589, ET 707",Madrid,17:10,Sao Paulo,"16:15
+ 1 DAY",28 h 05 m,"2,33,063",15/10/2023
Air France,"AF 1101, AF 454",Madrid,20:15,Sao Paulo,"06:15
+ 1 DAY",15 h,"2,33,778",15/10/2023
Air France,"AF 1401, AF 460",Madrid,06:10,Sao Paulo,16:45,15 h 35 m,"2,33,778",15/10/2023
KLM Royal Dutch,"KL 1706, KL 791",Madrid,20:20,Sao Paulo,"19:50
+ 1 DAY",28 h 30 m,"2,33,800",15/10/2023
KLM Royal Dutch,"KL 1704, KL 2023",Madrid,17:10,Sao Paulo,"06:15
+ 1 DAY",18 h 05 m,"2,36,453",15/10/2023
KLM Royal Dutch,"KL 1702, KL 2017",Madrid,13:05,Sao Paulo,"06:15
+ 1 DAY",22 h 10 m,"2,36,453",15/10/2023
KLM Royal Dutch,"KL 1702, KL 1243",Madrid,13:05,Sao Paulo,"06:15
+ 1 DAY",22 h 10 m,"2,36,453",15/10/2023
Delta Air Lines,"DL 8541, DL 8606",Madrid,10:05,Sao Paulo,"05:40
+ 1 DAY",24 h 35 m,"60,732",16/10/2023
Delta Air Lines,"DL 6780, DL 8606",Madrid,08:00,Sao Paulo,"05:40
+ 1 DAY",26 h 40 m,"60,732",16/10/2023
Delta Air Lines,"DL 8571, DL 8606",Madrid,06:10,Sao Paulo,"05:40
+ 1 DAY",28 h 30 m,"60,732",16/10/2023
Delta Air Lines,"DL 8571, DL 8504",Madrid,06:10,Sao Paulo,"05:40
+ 1 DAY",28 h 30 m,"60,732",16/10/2023
TAAG Angola Airlines,"DT 681, DT 747",Madrid,23:35,Sao Paulo,"03:30
+ 2 DAY",32 h 55 m,"76,278",16/10/2023
Delta Air Lines,"DL 109, DL 105",Madrid,11:15,Sao Paulo,"05:40
+ 1 DAY",23 h 25 m,"79,016",16/10/2023
Delta Air Lines,"DL 8561, DL 8744",Madrid,12:20,Sao Paulo,"09:40
+ 1 DAY",26 h 20 m,"80,895",16/10/2023
Delta Air Lines,"DL 9524, DL 9358",Madrid,10:20,Sao Paulo,"09:40
+ 1 DAY",28 h 20 m,"83,190",16/10/2023
LATAM Airlines,"LA 1529, LA 8147",Madrid,23:00,Sao Paulo,"15:25
+ 1 DAY",21 h 25 m,"88,445",16/10/2023
"Iberia, LATAM Airlines","IB 3010, LA 8115",Madrid,10:35,Sao Paulo,19:05,13 h 30 m,"97,033",16/10/2023
"Iberia, LATAM Airlines","IB 3008, LA 8115",Madrid,08:30,Sao Paulo,19:05,15 h 35 m,"97,033",16/10/2023
